/* prune DB before seeding new data */
-- data for INSTRUMENT XBRL reports
DELETE FROM INSTRUMENT_RATING_ACTION;
DELETE FROM INSTRUMENT_IDENTIFIER;
DELETE FROM INSTRUMENT;
DELETE FROM ISSUER_IDENTIFIER;
DELETE FROM ISSUER;
-- data for OBLIGOR XBRL reports
DELETE FROM OBLIGOR_RATING_ACTION;
DELETE FROM OBLIGOR_IDENTIFIER;
DELETE FROM OBLIGOR;
-- rating agency (Scope in our case) metadata for OBLIGOR and INSTRUMENT XBRL reports
DELETE FROM CREDIT_RATING_AGENCY_INFO;
-- Scope internal constants (these tables serve for data validation only)
DELETE FROM OTHER_RATING_ACTION_TYPE;
DELETE FROM WATCH_REVIEW;
DELETE FROM OUTLOOK_TREND;
DELETE FROM INDUSTRY_GROUP;
DELETE FROM DEBT_CATEGORY;
-- SEC XBL enumerations (these tables serve for data validation only)
DELETE FROM SEC_INSTRUMENT_IDENTIFIER_SCHEME;
DELETE FROM SEC_ISSUER_OR_OBLIGOR_IDENTIFIER_SCHEME;
DELETE FROM SEC_RATING_ACTION_TYPE;
DELETE FROM SEC_RATED_OBJECT_TYPE;
DELETE FROM SEC_CATEGORY;
DELETE FROM RATING_TYPE;
DELETE FROM rating_type_term;

/********************************************************************
  SEC XBL enumerations (these tables serve for data validation only)
*/
-- SEC_CATEGORY
INSERT INTO sec_category (code) VALUES ('ABCP');
INSERT INTO sec_category (code) VALUES ('CDO');
INSERT INTO sec_category (code) VALUES ('CLO');
INSERT INTO sec_category (code) VALUES ('CMBS');
INSERT INTO sec_category (code) VALUES ('Corporate');
INSERT INTO sec_category (code) VALUES ('Financial');
INSERT INTO sec_category (code) VALUES ('Insurance');
INSERT INTO sec_category (code) VALUES ('INT Public');
INSERT INTO sec_category (code) VALUES ('Other ABS');
INSERT INTO sec_category (code) VALUES ('Other SFP');
INSERT INTO sec_category (code) VALUES ('RMBS');
INSERT INTO sec_category (code) VALUES ('Sovereign');
INSERT INTO sec_category (code) VALUES ('US Public');

-- SEC_ISSUER_OR_OBLIGOR_IDENTIFIER_SCHEME
INSERT INTO sec_issuer_or_obligor_identifier_scheme (code, description) VALUES ('BIC', 'Business Identifier Code (ISO 9362)');
INSERT INTO sec_issuer_or_obligor_identifier_scheme (code, description) VALUES ('DUNS', 'Dun & Bradstreet D-U-N-S Number');
INSERT INTO sec_issuer_or_obligor_identifier_scheme (code, description) VALUES ('NRSRO', 'Obligor or issuer identifier scheme that is specific to the reporting NRSRO');

-- SEC_RATED_OBJECT_TYPE
INSERT INTO sec_rated_object_type (code) VALUES ('Instrument');
INSERT INTO sec_rated_object_type (code) VALUES ('Other');
INSERT INTO sec_rated_object_type (code) VALUES ('Program');
INSERT INTO sec_rated_object_type (code) VALUES ('Shelf');

-- SEC_RATING_ACTION_TYPE
INSERT INTO sec_rating_action_type (code, description, classified_by) VALUES ('DG', 'Downgrade', 'SEC');
INSERT INTO sec_rating_action_type (code, description, classified_by) VALUES ('HS', 'History Start', 'SEC');
INSERT INTO sec_rating_action_type (code, description, classified_by) VALUES ('NW', 'New', 'SEC');
INSERT INTO sec_rating_action_type (code, description, classified_by) VALUES ('UP', 'Upgrade', 'SEC');
INSERT INTO sec_rating_action_type (code, description, classified_by) VALUES ('WD', 'Withdrawal on Default', 'SEC');
INSERT INTO sec_rating_action_type (code, description, classified_by) VALUES ('WE', 'Withdrawal on Extinguished Obligation', 'SEC');
INSERT INTO sec_rating_action_type (code, description, classified_by) VALUES ('WO', 'Withdrawal for Other reason', 'SEC');

-- SEC_INSTRUMENT_IDENTIFIER_SCHEME
INSERT INTO sec_instrument_identifier_scheme (code, description) VALUES ('ISIN', 'International Securities Identification Number (ISO 9166)');
INSERT INTO sec_instrument_identifier_scheme (code, description) VALUES ('NRSRO', 'Instrument identifier scheme that is specific to the reporting NRSRO');
INSERT INTO sec_instrument_identifier_scheme (code, description) VALUES ('SEDOL', 'Stock Exchange Daily Official List (UK)');
INSERT INTO sec_instrument_identifier_scheme (code, description) VALUES ('SICC', 'Securities Identification Code Committee (JP)');
INSERT INTO sec_instrument_identifier_scheme (code, description) VALUES ('VALOR', 'Valorennummer (CH)');
INSERT INTO sec_instrument_identifier_scheme (code, description) VALUES ('WKN', 'Wertpapierkennnummer (DE)');

/********************************************************************
  Scope internal constants (these tables serve for data validation only)
*/

-- RATING_TYPE_TERM
INSERT INTO rating_type_term (code) VALUES ('long-term');
INSERT INTO rating_type_term (code) VALUES ('short-term');

-- RATING_TYPE
INSERT INTO rating_type (code) VALUES ('Issuer Rating');
INSERT INTO rating_type (code) VALUES ('Issuer Rating (foreign currency)');

-- OUTLOOK_TREND
INSERT INTO outlook_trend (code, description, classified_by) VALUES ('Evolving or developing', 'evolving or developing', 'NRSRO');
INSERT INTO outlook_trend (code, description, classified_by) VALUES ('Negative', 'negative', 'NRSRO');
INSERT INTO outlook_trend (code, description, classified_by) VALUES ('None', 'no watch/review', 'NRSRO');
INSERT INTO outlook_trend (code, description, classified_by) VALUES ('Positive', 'positive', 'NRSRO');
INSERT INTO outlook_trend (code, description, classified_by) VALUES ('Stable', 'stable', 'NRSRO');

-- OTHER_RATING_ACTION_TYPE
INSERT INTO other_rating_action_type (code, description, classified_by) VALUES ('Affirmation', 'Affirmation', 'NRSRO');
INSERT INTO other_rating_action_type (code, description, classified_by) VALUES ('Conversion to solicited', 'Conversion to solicited', 'NRSRO');
INSERT INTO other_rating_action_type (code, description, classified_by) VALUES ('Conversion to unsolicited', 'Conversion to unsolicited', 'NRSRO');
INSERT INTO other_rating_action_type (code, description, classified_by) VALUES ('Default', 'Default', 'NRSRO');
INSERT INTO other_rating_action_type (code, description, classified_by) VALUES ('Outlook Trend', 'Outlook Trend', 'NRSRO');
INSERT INTO other_rating_action_type (code, description, classified_by) VALUES ('Watch review', 'Watch review', 'NRSRO');

-- WATCH REVIEW
INSERT INTO watch_review (code, description, classified_by) VALUES ('Evolving or developing', 'evolving / developing', 'NRSRO');
INSERT INTO watch_review (code, description, classified_by) VALUES ('Negative', 'negative', 'NRSRO');
INSERT INTO watch_review (code, description, classified_by) VALUES ('None', 'none', 'NRSRO');
INSERT INTO watch_review (code, description, classified_by) VALUES ('Positive', 'positive', 'NRSRO');
INSERT INTO watch_review (code, description, classified_by) VALUES ('Uncertain direction', 'uncertain direction', 'NRSRO');

-- DEBT_CATEGORY
INSERT INTO debt_category (code, classified_by) VALUES ('First and Refunding Mortgage', 'NRSRO');
INSERT INTO debt_category (code, classified_by) VALUES ('First Loss', 'NRSRO');
INSERT INTO debt_category (code, classified_by) VALUES ('First Mortgage', 'NRSRO');
INSERT INTO debt_category (code, classified_by) VALUES ('General & Refunding Mortgage', 'NRSRO');
INSERT INTO debt_category (code, classified_by) VALUES ('Junior Secured or Junior Subordinated Secured', 'NRSRO');
INSERT INTO debt_category (code, classified_by) VALUES ('Junior Unsecured or Junior Subordinated Unsecured', 'NRSRO');
INSERT INTO debt_category (code, classified_by) VALUES ('Mezzanine', 'NRSRO');
INSERT INTO debt_category (code, classified_by) VALUES ('Mortgage', 'NRSRO');
INSERT INTO debt_category (code, classified_by) VALUES ('Second Mortgage', 'NRSRO');
INSERT INTO debt_category (code, classified_by) VALUES ('Secured', 'NRSRO');
INSERT INTO debt_category (code, classified_by) VALUES ('Senior', 'NRSRO');
INSERT INTO debt_category (code, classified_by) VALUES ('Senior Bail-in', 'NRSRO');
INSERT INTO debt_category (code, classified_by) VALUES ('Senior Secured', 'NRSRO');
INSERT INTO debt_category (code, classified_by) VALUES ('Senior Secured - First Lien', 'NRSRO');
INSERT INTO debt_category (code, classified_by) VALUES ('Senior Subordinated Secured', 'NRSRO');
INSERT INTO debt_category (code, classified_by) VALUES ('Senior Subordinated Unsecured', 'NRSRO');
INSERT INTO debt_category (code, classified_by) VALUES ('Senior Unsecured', 'NRSRO');
INSERT INTO debt_category (code, classified_by) VALUES ('Subordinated Secured', 'NRSRO');
INSERT INTO debt_category (code, classified_by) VALUES ('Subordinated Unsecured', 'NRSRO');
INSERT INTO debt_category (code, classified_by) VALUES ('Third Mortgage', 'NRSRO');
INSERT INTO debt_category (code, classified_by) VALUES ('Unsecured', 'NRSRO');

-- INDUSTRY_GROUP
INSERT INTO industry_group (code, classified_by) VALUES ('Aerospace', 'Thomson Reuters');
INSERT INTO industry_group (code, classified_by) VALUES ('Agency', 'Thomson Reuters');
INSERT INTO industry_group (code, classified_by) VALUES ('Airline', 'Thomson Reuters');
INSERT INTO industry_group (code, classified_by) VALUES ('Automotive Manufacturer', 'Thomson Reuters');
INSERT INTO industry_group (code, classified_by) VALUES ('Banking', 'Thomson Reuters');
INSERT INTO industry_group (code, classified_by) VALUES ('Beverage/Bottling', 'Thomson Reuters');
INSERT INTO industry_group (code, classified_by) VALUES ('Building Products', 'Thomson Reuters');
INSERT INTO industry_group (code, classified_by) VALUES ('Cable/Media', 'Thomson Reuters');
INSERT INTO industry_group (code, classified_by) VALUES ('Chemicals', 'Thomson Reuters');
INSERT INTO industry_group (code, classified_by) VALUES ('Conglomerate/Diversified Mfg', 'Thomson Reuters');
INSERT INTO industry_group (code, classified_by) VALUES ('Consumer Products', 'Thomson Reuters');
INSERT INTO industry_group (code, classified_by) VALUES ('Containers', 'Thomson Reuters');
INSERT INTO industry_group (code, classified_by) VALUES ('Electronics', 'Thomson Reuters');
INSERT INTO industry_group (code, classified_by) VALUES ('Financial - Other', 'Thomson Reuters');
INSERT INTO industry_group (code, classified_by) VALUES ('Food Processors', 'Thomson Reuters');
INSERT INTO industry_group (code, classified_by) VALUES ('Gaming', 'Thomson Reuters');
INSERT INTO industry_group (code, classified_by) VALUES ('Gas Utility - Local Distrib', 'Thomson Reuters');
INSERT INTO industry_group (code, classified_by) VALUES ('Gas Utility - Pipelines', 'Thomson Reuters');
INSERT INTO industry_group (code, classified_by) VALUES ('Health Care Facilities', 'Thomson Reuters');
INSERT INTO industry_group (code, classified_by) VALUES ('Health Care Supply', 'Thomson Reuters');
INSERT INTO industry_group (code, classified_by) VALUES ('Home Builders', 'Thomson Reuters');
INSERT INTO industry_group (code, classified_by) VALUES ('Independent Finance', 'Thomson Reuters');
INSERT INTO industry_group (code, classified_by) VALUES ('Industrials - Other', 'Thomson Reuters');
INSERT INTO industry_group (code, classified_by) VALUES ('Information/Data Technology', 'Thomson Reuters');
INSERT INTO industry_group (code, classified_by) VALUES ('Leasing', 'Thomson Reuters');
INSERT INTO industry_group (code, classified_by) VALUES ('Leisure', 'Thomson Reuters');
INSERT INTO industry_group (code, classified_by) VALUES ('Life Insurance', 'Thomson Reuters');
INSERT INTO industry_group (code, classified_by) VALUES ('Lodging', 'Thomson Reuters');
INSERT INTO industry_group (code, classified_by) VALUES ('Machinery', 'Thomson Reuters');
INSERT INTO industry_group (code, classified_by) VALUES ('Metals/Mining', 'Thomson Reuters');
INSERT INTO industry_group (code, classified_by) VALUES ('Mortgage Banking', 'Thomson Reuters');
INSERT INTO industry_group (code, classified_by) VALUES ('Official and Muni', 'Thomson Reuters');
INSERT INTO industry_group (code, classified_by) VALUES ('Oil and Gas', 'Thomson Reuters');
INSERT INTO industry_group (code, classified_by) VALUES ('Oilfield Machinery and Services', 'Thomson Reuters');
INSERT INTO industry_group (code, classified_by) VALUES ('Pharmaceuticals', 'Thomson Reuters');
INSERT INTO industry_group (code, classified_by) VALUES ('Property and Casualty Insurance', 'Thomson Reuters');
INSERT INTO industry_group (code, classified_by) VALUES ('Publishing', 'Thomson Reuters');
INSERT INTO industry_group (code, classified_by) VALUES ('Railroads', 'Thomson Reuters');
INSERT INTO industry_group (code, classified_by) VALUES ('Real Estate Investment Trust', 'Thomson Reuters');
INSERT INTO industry_group (code, classified_by) VALUES ('Restaurants', 'Thomson Reuters');
INSERT INTO industry_group (code, classified_by) VALUES ('Retail Stores - Food/Drug', 'Thomson Reuters');
INSERT INTO industry_group (code, classified_by) VALUES ('Retail Stores - Other', 'Thomson Reuters');
INSERT INTO industry_group (code, classified_by) VALUES ('Securities', 'Thomson Reuters');
INSERT INTO industry_group (code, classified_by) VALUES ('Service - Other', 'Thomson Reuters');
INSERT INTO industry_group (code, classified_by) VALUES ('Sovereign', 'Thomson Reuters');
INSERT INTO industry_group (code, classified_by) VALUES ('Supranational', 'Thomson Reuters');
INSERT INTO industry_group (code, classified_by) VALUES ('Telecommunications', 'Thomson Reuters');
INSERT INTO industry_group (code, classified_by) VALUES ('Textiles/Apparel/Shoes', 'Thomson Reuters');
INSERT INTO industry_group (code, classified_by) VALUES ('Tobacco', 'Thomson Reuters');
INSERT INTO industry_group (code, classified_by) VALUES ('Transportation - Other', 'Thomson Reuters');
INSERT INTO industry_group (code, classified_by) VALUES ('Utility - Other', 'Thomson Reuters');
INSERT INTO industry_group (code, classified_by) VALUES ('Vehicle Parts', 'Thomson Reuters');

-- *******************************************
-- *******************************************
-- * REPORT DATA - used to produce XBRL file *
-- *******************************************
-- *******************************************

-- CREDIT_RATING_AGENCY_INFO
INSERT INTO credit_rating_agency_info (id, name, lei) VALUES ('373BCDCD-4AD2-48EF-98DD-E08E8DC16414', 'SCOPERATINGS', '391200WU1EZUQFHDWE91');


-- ****************************
-- * OBLIGOR XBRL report data *
-- ****************************

-- OBLIGOR
INSERT INTO obligor (id, name, sec_category, industry_group, lei, cik, credit_rating_agency_info_id) VALUES (25410, 'DEUTSCHE BANK AG', 'Financial', 'Banking', '7LTWFZYICNSX8D621K86', null, '373BCDCD-4AD2-48EF-98DD-E08E8DC16414');
INSERT INTO obligor (id, name, sec_category, industry_group, lei, cik, credit_rating_agency_info_id) VALUES (451444, 'Federal Republic of Germany', 'Sovereign', 'Sovereign', '529900AQBND3S6YJLY83', null, '373BCDCD-4AD2-48EF-98DD-E08E8DC16414');
INSERT INTO obligor (id, name, sec_category, industry_group, lei, cik, credit_rating_agency_info_id) VALUES (451451, 'French Republic', 'Sovereign', 'Sovereign', '969500KCGF3SUYJHPV70', null, '373BCDCD-4AD2-48EF-98DD-E08E8DC16414');
INSERT INTO obligor (id, name, sec_category, industry_group, lei, cik, credit_rating_agency_info_id) VALUES (451457, 'Italian Republic', 'Sovereign', 'Sovereign', '815600DE60799F5A9309', null, '373BCDCD-4AD2-48EF-98DD-E08E8DC16414');
INSERT INTO obligor (id, name, sec_category, industry_group, lei, cik, credit_rating_agency_info_id) VALUES (451465, 'People''s Republic of China', 'Sovereign', 'Sovereign', '300300CHN201808MOF68', null, '373BCDCD-4AD2-48EF-98DD-E08E8DC16414');
INSERT INTO obligor (id, name, sec_category, industry_group, lei, cik, credit_rating_agency_info_id) VALUES (459300, 'Merck KGaA', 'Corporate', 'Pharmaceuticals', '529900OAREIS0MOPTW25', null, '373BCDCD-4AD2-48EF-98DD-E08E8DC16414');
INSERT INTO obligor (id, name, sec_category, industry_group, lei, cik, credit_rating_agency_info_id) VALUES (492104, 'Daimler AG', 'Corporate', 'Automotive Manufacturer', '529900R27DL06UVNT076', null, '373BCDCD-4AD2-48EF-98DD-E08E8DC16414');

-- OBLIGOR_IDENTIFIER
INSERT INTO obligor_identifier (obligor_id, identifier, identifier_scheme) VALUES (25410, 'BA2F6450-7CCC-4C3F-8C3F-2E23B9015646', 'NRSRO');
INSERT INTO obligor_identifier (obligor_id, identifier, identifier_scheme) VALUES (451444, '2147A271-60D2-44A7-8DBF-6EB04146A42E', 'NRSRO');
INSERT INTO obligor_identifier (obligor_id, identifier, identifier_scheme) VALUES (451451, '8D0FA762-9479-422F-B6DE-AC0944306E0A', 'NRSRO');
INSERT INTO obligor_identifier (obligor_id, identifier, identifier_scheme) VALUES (451457, '8638DB61-D092-4034-A271-1901CF2DEC75', 'NRSRO');
INSERT INTO obligor_identifier (obligor_id, identifier, identifier_scheme) VALUES (451465, 'B8312C6A-1654-4150-ACBE-C5B4E8995373', 'NRSRO');
INSERT INTO obligor_identifier (obligor_id, identifier, identifier_scheme) VALUES (459300, '7BA58EAA-3E01-4CC7-9A5E-DC54FF9A1AF6', 'NRSRO');
INSERT INTO obligor_identifier (obligor_id, identifier, identifier_scheme) VALUES (492104, '46947B63-8C04-4816-8F94-F6227C43D8D6', 'NRSRO');

-- OBLIGOR_RATING_ACTION
INSERT INTO obligor_rating_action (obligor_id, rating_action_id, rating_type, rating_type_term, rating_sub_type_scheme, version_no, rating_action_type, other_rating_action_type, rating, outlook_trend, watch_review, rating_date, issuer_paid) VALUES (25410, '25410-1-475', 'Issuer Rating', 'long-term', null, 1, 'HS', null, 'BBB+', 'Stable', null, '2017-12-31', 0);
INSERT INTO obligor_rating_action (obligor_id, rating_action_id, rating_type, rating_type_term, rating_sub_type_scheme, version_no, rating_action_type, other_rating_action_type, rating, outlook_trend, watch_review, rating_date, issuer_paid) VALUES (25410, '25410-1-613', 'Issuer Rating', 'long-term', null, 2, null, 'Outlook Trend', 'BBB+', 'Negative', null, '2018-06-06', 0);
INSERT INTO obligor_rating_action (obligor_id, rating_action_id, rating_type, rating_type_term, rating_sub_type_scheme, version_no, rating_action_type, other_rating_action_type, rating, outlook_trend, watch_review, rating_date, issuer_paid) VALUES (451444, '451444-2-1279', 'Issuer Rating', 'long-term', null, 2, null, 'Affirmation', 'AAA', 'Stable', null, '2018-11-02', 0);
INSERT INTO obligor_rating_action (obligor_id, rating_action_id, rating_type, rating_type_term, rating_sub_type_scheme, version_no, rating_action_type, other_rating_action_type, rating, outlook_trend, watch_review, rating_date, issuer_paid) VALUES (451444, '451444-2-686', 'Issuer Rating', 'long-term', null, 1, 'HS', null, 'AAA', 'Stable', null, '2017-12-31', 0);
INSERT INTO obligor_rating_action (obligor_id, rating_action_id, rating_type, rating_type_term, rating_sub_type_scheme, version_no, rating_action_type, other_rating_action_type, rating, outlook_trend, watch_review, rating_date, issuer_paid) VALUES (451444, '451444-3-1280', 'Issuer Rating (foreign currency)', 'long-term', null, 2, null, 'Affirmation', 'AAA', 'Stable', null, '2018-11-02', 0);
INSERT INTO obligor_rating_action (obligor_id, rating_action_id, rating_type, rating_type_term, rating_sub_type_scheme, version_no, rating_action_type, other_rating_action_type, rating, outlook_trend, watch_review, rating_date, issuer_paid) VALUES (451444, '451444-3-697', 'Issuer Rating (foreign currency)', 'long-term', null, 1, 'HS', null, 'AAA', 'Stable', null, '2017-12-31', 0);
INSERT INTO obligor_rating_action (obligor_id, rating_action_id, rating_type, rating_type_term, rating_sub_type_scheme, version_no, rating_action_type, other_rating_action_type, rating, outlook_trend, watch_review, rating_date, issuer_paid) VALUES (451451, '451451-2-1378', 'Issuer Rating', 'long-term', null, 2, null, 'Affirmation', 'AA', 'Stable', null, '2019-05-03', 0);
INSERT INTO obligor_rating_action (obligor_id, rating_action_id, rating_type, rating_type_term, rating_sub_type_scheme, version_no, rating_action_type, other_rating_action_type, rating, outlook_trend, watch_review, rating_date, issuer_paid) VALUES (451451, '451451-2-684', 'Issuer Rating', 'long-term', null, 1, 'HS', null, 'AA', 'Stable', null, '2017-12-31', 0);
INSERT INTO obligor_rating_action (obligor_id, rating_action_id, rating_type, rating_type_term, rating_sub_type_scheme, version_no, rating_action_type, other_rating_action_type, rating, outlook_trend, watch_review, rating_date, issuer_paid) VALUES (451451, '451451-3-1379', 'Issuer Rating (foreign currency)', 'long-term', null, 2, null, 'Affirmation', 'AA', 'Stable', null, '2019-05-03', 0);
INSERT INTO obligor_rating_action (obligor_id, rating_action_id, rating_type, rating_type_term, rating_sub_type_scheme, version_no, rating_action_type, other_rating_action_type, rating, outlook_trend, watch_review, rating_date, issuer_paid) VALUES (451451, '451451-3-699', 'Issuer Rating (foreign currency)', 'long-term', null, 1, 'HS', null, 'AA', 'Stable', null, '2017-12-31', 0);
INSERT INTO obligor_rating_action (obligor_id, rating_action_id, rating_type, rating_type_term, rating_sub_type_scheme, version_no, rating_action_type, other_rating_action_type, rating, outlook_trend, watch_review, rating_date, issuer_paid) VALUES (451457, '451457-2-1091', 'Issuer Rating', 'long-term', null, 2, null, 'Outlook Trend', 'A-', 'Negative', null, '2018-06-08', 0);
INSERT INTO obligor_rating_action (obligor_id, rating_action_id, rating_type, rating_type_term, rating_sub_type_scheme, version_no, rating_action_type, other_rating_action_type, rating, outlook_trend, watch_review, rating_date, issuer_paid) VALUES (451457, '451457-2-1327', 'Issuer Rating', 'long-term', null, 3, 'DG', null, 'BBB+', 'Stable', null, '2018-12-07', 0);
INSERT INTO obligor_rating_action (obligor_id, rating_action_id, rating_type, rating_type_term, rating_sub_type_scheme, version_no, rating_action_type, other_rating_action_type, rating, outlook_trend, watch_review, rating_date, issuer_paid) VALUES (451457, '451457-2-1604', 'Issuer Rating', 'long-term', null, 4, null, 'Outlook Trend', 'BBB+', 'Negative', null, '2020-05-15', 0);
INSERT INTO obligor_rating_action (obligor_id, rating_action_id, rating_type, rating_type_term, rating_sub_type_scheme, version_no, rating_action_type, other_rating_action_type, rating, outlook_trend, watch_review, rating_date, issuer_paid) VALUES (451457, '451457-2-688', 'Issuer Rating', 'long-term', null, 1, 'HS', null, 'A-', 'Stable', null, '2017-12-31', 0);
INSERT INTO obligor_rating_action (obligor_id, rating_action_id, rating_type, rating_type_term, rating_sub_type_scheme, version_no, rating_action_type, other_rating_action_type, rating, outlook_trend, watch_review, rating_date, issuer_paid) VALUES (451457, '451457-3-1092', 'Issuer Rating (foreign currency)', 'long-term', null, 2, null, 'Outlook Trend', 'A-', 'Negative', null, '2018-06-08', 0);
INSERT INTO obligor_rating_action (obligor_id, rating_action_id, rating_type, rating_type_term, rating_sub_type_scheme, version_no, rating_action_type, other_rating_action_type, rating, outlook_trend, watch_review, rating_date, issuer_paid) VALUES (451457, '451457-3-1328', 'Issuer Rating (foreign currency)', 'long-term', null, 3, 'DG', null, 'BBB+', 'Stable', null, '2018-12-07', 0);
INSERT INTO obligor_rating_action (obligor_id, rating_action_id, rating_type, rating_type_term, rating_sub_type_scheme, version_no, rating_action_type, other_rating_action_type, rating, outlook_trend, watch_review, rating_date, issuer_paid) VALUES (451457, '451457-3-1605', 'Issuer Rating (foreign currency)', 'long-term', null, 4, null, 'Outlook Trend', 'BBB+', 'Negative', null, '2020-05-15', 0);
INSERT INTO obligor_rating_action (obligor_id, rating_action_id, rating_type, rating_type_term, rating_sub_type_scheme, version_no, rating_action_type, other_rating_action_type, rating, outlook_trend, watch_review, rating_date, issuer_paid) VALUES (451457, '451457-3-695', 'Issuer Rating (foreign currency)', 'long-term', null, 1, 'HS', null, 'A-', 'Stable', null, '2017-12-31', 0);
INSERT INTO obligor_rating_action (obligor_id, rating_action_id, rating_type, rating_type_term, rating_sub_type_scheme, version_no, rating_action_type, other_rating_action_type, rating, outlook_trend, watch_review, rating_date, issuer_paid) VALUES (451465, '451465-2-1165', 'Issuer Rating', 'long-term', null, 2, null, 'Outlook Trend', 'A+', 'Negative', null, '2018-09-21', 0);
INSERT INTO obligor_rating_action (obligor_id, rating_action_id, rating_type, rating_type_term, rating_sub_type_scheme, version_no, rating_action_type, other_rating_action_type, rating, outlook_trend, watch_review, rating_date, issuer_paid) VALUES (451465, '451465-2-1549', 'Issuer Rating', 'long-term', null, 3, null, 'Affirmation', 'A+', 'Negative', null, '2020-02-28', 0);
INSERT INTO obligor_rating_action (obligor_id, rating_action_id, rating_type, rating_type_term, rating_sub_type_scheme, version_no, rating_action_type, other_rating_action_type, rating, outlook_trend, watch_review, rating_date, issuer_paid) VALUES (451465, '451465-2-833', 'Issuer Rating', 'long-term', null, 1, 'HS', null, 'A+', 'Stable', null, '2017-12-31', 0);
INSERT INTO obligor_rating_action (obligor_id, rating_action_id, rating_type, rating_type_term, rating_sub_type_scheme, version_no, rating_action_type, other_rating_action_type, rating, outlook_trend, watch_review, rating_date, issuer_paid) VALUES (451465, '451465-3-1166', 'Issuer Rating (foreign currency)', 'long-term', null, 2, null, 'Outlook Trend', 'A+', 'Negative', null, '2018-09-21', 0);
INSERT INTO obligor_rating_action (obligor_id, rating_action_id, rating_type, rating_type_term, rating_sub_type_scheme, version_no, rating_action_type, other_rating_action_type, rating, outlook_trend, watch_review, rating_date, issuer_paid) VALUES (451465, '451465-3-1550', 'Issuer Rating (foreign currency)', 'long-term', null, 3, null, 'Affirmation', 'A+', 'Negative', null, '2020-02-28', 0);
INSERT INTO obligor_rating_action (obligor_id, rating_action_id, rating_type, rating_type_term, rating_sub_type_scheme, version_no, rating_action_type, other_rating_action_type, rating, outlook_trend, watch_review, rating_date, issuer_paid) VALUES (451465, '451465-3-834', 'Issuer Rating (foreign currency)', 'long-term', null, 1, 'HS', null, 'A+', 'Stable', null, '2017-12-31', 0);
INSERT INTO obligor_rating_action (obligor_id, rating_action_id, rating_type, rating_type_term, rating_sub_type_scheme, version_no, rating_action_type, other_rating_action_type, rating, outlook_trend, watch_review, rating_date, issuer_paid) VALUES (459300, '459300-2-1315', 'Issuer Rating', 'long-term', null, 2, null, 'Affirmation', 'A-', 'Stable', null, '2018-11-02', 1);
INSERT INTO obligor_rating_action (obligor_id, rating_action_id, rating_type, rating_type_term, rating_sub_type_scheme, version_no, rating_action_type, other_rating_action_type, rating, outlook_trend, watch_review, rating_date, issuer_paid) VALUES (459300, '459300-2-2032', 'Issuer Rating', 'long-term', null, 3, null, 'Affirmation', 'A-', 'Stable', null, '2019-10-22', 1);
INSERT INTO obligor_rating_action (obligor_id, rating_action_id, rating_type, rating_type_term, rating_sub_type_scheme, version_no, rating_action_type, other_rating_action_type, rating, outlook_trend, watch_review, rating_date, issuer_paid) VALUES (459300, '459300-2-856', 'Issuer Rating', 'long-term', null, 1, 'HS', null, 'A-', 'Stable', null, '2017-12-31', 1);
INSERT INTO obligor_rating_action (obligor_id, rating_action_id, rating_type, rating_type_term, rating_sub_type_scheme, version_no, rating_action_type, other_rating_action_type, rating, outlook_trend, watch_review, rating_date, issuer_paid) VALUES (492104, '492104-2-1123', 'Issuer Rating', 'long-term', null, 2, null, 'Affirmation', 'A', 'Stable', null, '2018-06-14', 1);
INSERT INTO obligor_rating_action (obligor_id, rating_action_id, rating_type, rating_type_term, rating_sub_type_scheme, version_no, rating_action_type, other_rating_action_type, rating, outlook_trend, watch_review, rating_date, issuer_paid) VALUES (492104, '492104-2-3864', 'Issuer Rating', 'long-term', null, 3, null, 'Affirmation', 'A', 'Stable', null, '2020-06-24', 1);
INSERT INTO obligor_rating_action (obligor_id, rating_action_id, rating_type, rating_type_term, rating_sub_type_scheme, version_no, rating_action_type, other_rating_action_type, rating, outlook_trend, watch_review, rating_date, issuer_paid) VALUES (492104, '492104-2-782', 'Issuer Rating', 'long-term', null, 1, 'HS', null, 'A', 'Stable', null, '2017-12-31', 1);

-- *******************************
-- * INSTRUMENT XBRL report data *
-- *******************************

-- ISSUER
INSERT INTO issuer (id, name, sec_category, industry_group, lei, cik, credit_rating_agency_info_id) VALUES (3641, 'BANCO SANTANDER SA', 'Other ABS', 'Banking', '5493006QMFDDMYWIAM13', null, '373BCDCD-4AD2-48EF-98DD-E08E8DC16414');
INSERT INTO issuer (id, name, sec_category, industry_group, lei, cik, credit_rating_agency_info_id) VALUES (25410, 'DEUTSCHE BANK AG', 'Financial', 'Banking', '7LTWFZYICNSX8D621K86', null, '373BCDCD-4AD2-48EF-98DD-E08E8DC16414');
INSERT INTO issuer (id, name, sec_category, industry_group, lei, cik, credit_rating_agency_info_id) VALUES (451444, 'Federal Republic of Germany', 'Sovereign', 'Sovereign', '529900AQBND3S6YJLY83', null, '373BCDCD-4AD2-48EF-98DD-E08E8DC16414');
INSERT INTO issuer (id, name, sec_category, industry_group, lei, cik, credit_rating_agency_info_id) VALUES (451451, 'French Republic', 'Sovereign', 'Sovereign', '969500KCGF3SUYJHPV70', null, '373BCDCD-4AD2-48EF-98DD-E08E8DC16414');
INSERT INTO issuer (id, name, sec_category, industry_group, lei, cik, credit_rating_agency_info_id) VALUES (451457, 'Italian Republic', 'Sovereign', 'Sovereign', '815600DE60799F5A9309', null, '373BCDCD-4AD2-48EF-98DD-E08E8DC16414');
INSERT INTO issuer (id, name, sec_category, industry_group, lei, cik, credit_rating_agency_info_id) VALUES (451465, 'People''s Republic of China', 'Sovereign', 'Sovereign', '300300CHN201808MOF68', null, '373BCDCD-4AD2-48EF-98DD-E08E8DC16414');
INSERT INTO issuer (id, name, sec_category, industry_group, lei, cik, credit_rating_agency_info_id) VALUES (459300, 'Merck KGaA', 'Corporate', 'Pharmaceuticals', '529900OAREIS0MOPTW25', null, '373BCDCD-4AD2-48EF-98DD-E08E8DC16414');
INSERT INTO issuer (id, name, sec_category, industry_group, lei, cik, credit_rating_agency_info_id) VALUES (461615, 'Griffon Funding Ltd', 'CMBS', 'Financial - Other', '213800GVKUDB4UVJN507', null, '373BCDCD-4AD2-48EF-98DD-E08E8DC16414');
INSERT INTO issuer (id, name, sec_category, industry_group, lei, cik, credit_rating_agency_info_id) VALUES (492104, 'Daimler AG', 'Corporate', 'Automotive Manufacturer', '529900R27DL06UVNT076', null, '373BCDCD-4AD2-48EF-98DD-E08E8DC16414');
INSERT INTO issuer (id, name, sec_category, industry_group, lei, cik, credit_rating_agency_info_id) VALUES (556491, 'Heta Funding Designated Activity Company', 'CDO', 'Financial - Other', '213800YT7TGH2ZPM5K20', null, '373BCDCD-4AD2-48EF-98DD-E08E8DC16414');

-- ISSUER_IDENTIFIER
-- empty

-- INSTRUMENT
INSERT INTO instrument (id, issuer_id, rated_object_type, name, cusip, coupon_rate, issuance_date, maturity_date, par_value, par_value_currency_code, debt_category) VALUES (29843, 25410, 'Instrument', 'DBKG   0.149 03/22/21 FRN', null, 0.5140, '2013-03-22', '2021-03-22', 45000000, 'EUR', 'Senior Unsecured');
INSERT INTO instrument (id, issuer_id, rated_object_type, name, cusip, coupon_rate, issuance_date, maturity_date, par_value, par_value_currency_code, debt_category) VALUES (29851, 25410, 'Instrument', 'DBKG   4.250 09/14/26', null, 4.2500, '2011-09-14', '2026-09-14', 200000000, 'EUR', 'Senior Unsecured');
INSERT INTO instrument (id, issuer_id, rated_object_type, name, cusip, coupon_rate, issuance_date, maturity_date, par_value, par_value_currency_code, debt_category) VALUES (29876, 25410, 'Instrument', 'DBKG   1.825 03/25/21', null, 1.8250, '2013-03-25', '2021-03-25', 36000000, 'EUR', 'Senior Unsecured');
INSERT INTO instrument (id, issuer_id, rated_object_type, name, cusip, coupon_rate, issuance_date, maturity_date, par_value, par_value_currency_code, debt_category) VALUES (29916, 25410, 'Instrument', 'DBKG   1.750 12/15/20', null, 1.7500, '2014-02-27', '2020-12-15', 150000000, 'EUR', 'Senior Unsecured');
INSERT INTO instrument (id, issuer_id, rated_object_type, name, cusip, coupon_rate, issuance_date, maturity_date, par_value, par_value_currency_code, debt_category) VALUES (76527, 25410, 'Instrument', 'DBKG   0.936 10/14/21 FRN', null, 1.2890, '2011-10-14', '2021-10-14', 75000000, 'EUR', 'Senior Unsecured');
INSERT INTO instrument (id, issuer_id, rated_object_type, name, cusip, coupon_rate, issuance_date, maturity_date, par_value, par_value_currency_code, debt_category) VALUES (76578, 25410, 'Instrument', 'DBKG   2.375 01/11/23', null, 2.3750, '2013-01-11', '2023-01-11', 1750000000, 'EUR', 'Senior Unsecured');
INSERT INTO instrument (id, issuer_id, rated_object_type, name, cusip, coupon_rate, issuance_date, maturity_date, par_value, par_value_currency_code, debt_category) VALUES (112603, 25410, 'Instrument', 'DBKG   2.125 06/20/24', null, 2.1250, '2014-06-20', '2024-06-20', 125000000, 'EUR', 'Senior Unsecured');
INSERT INTO instrument (id, issuer_id, rated_object_type, name, cusip, coupon_rate, issuance_date, maturity_date, par_value, par_value_currency_code, debt_category) VALUES (149028, 25410, 'Instrument', 'DBKG   0.320 09/10/21 FRN', null, 0.6370, '2014-09-10', '2021-09-10', 300000000, 'EUR', 'Senior Unsecured');
INSERT INTO instrument (id, issuer_id, rated_object_type, name, cusip, coupon_rate, issuance_date, maturity_date, par_value, par_value_currency_code, debt_category) VALUES (150702, 25410, 'Instrument', 'DBKG   1.250 09/08/21', null, 1.2500, '2014-09-08', '2021-09-08', 1750000000, 'EUR', 'Senior Unsecured');
INSERT INTO instrument (id, issuer_id, rated_object_type, name, cusip, coupon_rate, issuance_date, maturity_date, par_value, par_value_currency_code, debt_category) VALUES (187868, 25410, 'Instrument', 'DBKG   1.725 01/16/45', null, 1.7250, '2015-01-16', '2045-01-16', 30000000, 'EUR', 'Senior Unsecured');
INSERT INTO instrument (id, issuer_id, rated_object_type, name, cusip, coupon_rate, issuance_date, maturity_date, par_value, par_value_currency_code, debt_category) VALUES (461616, 461615, 'Instrument', 'Griffon Funding Ltd – A Loan Debenture A1', null, null, '2016-09-26', '2028-07-21', 1822337087, 'GBP', 'Senior Secured');
INSERT INTO instrument (id, issuer_id, rated_object_type, name, cusip, coupon_rate, issuance_date, maturity_date, par_value, par_value_currency_code, debt_category) VALUES (461617, 461615, 'Instrument', 'Griffon Funding Ltd – A Loan Debenture A2', null, null, '2016-09-26', '2028-07-21', 328020676, 'GBP', 'Mezzanine');
INSERT INTO instrument (id, issuer_id, rated_object_type, name, cusip, coupon_rate, issuance_date, maturity_date, par_value, par_value_currency_code, debt_category) VALUES (461618, 461615, 'Instrument', 'Griffon Funding Ltd – A Loan Debenture A3', null, null, '2016-09-26', '2028-07-21', 133638053, 'GBP', 'Mezzanine');
INSERT INTO instrument (id, issuer_id, rated_object_type, name, cusip, coupon_rate, issuance_date, maturity_date, par_value, par_value_currency_code, debt_category) VALUES (513192, 451444, 'Instrument', 'DEGV   2.500 01/04/21', null, 2.5000, '2010-11-26', '2021-01-04', 6000000000, 'EUR', 'Unsecured');
INSERT INTO instrument (id, issuer_id, rated_object_type, name, cusip, coupon_rate, issuance_date, maturity_date, par_value, par_value_currency_code, debt_category) VALUES (513194, 451444, 'Instrument', 'DEGV   0.250 10/16/20', null, 0.2500, '2015-07-03', '2020-10-16', 5000000000, 'EUR', 'Unsecured');
INSERT INTO instrument (id, issuer_id, rated_object_type, name, cusip, coupon_rate, issuance_date, maturity_date, par_value, par_value_currency_code, debt_category) VALUES (513195, 451444, 'Instrument', 'DEGV   4.000 01/04/37', null, 4.0000, '2005-01-28', '2037-01-04', 6000000000, 'EUR', 'Unsecured');
INSERT INTO instrument (id, issuer_id, rated_object_type, name, cusip, coupon_rate, issuance_date, maturity_date, par_value, par_value_currency_code, debt_category) VALUES (513197, 451444, 'Instrument', 'DEGV   4.250 07/04/39', null, 4.2500, '2007-01-26', '2039-07-04', 6000000000, 'EUR', 'Unsecured');
INSERT INTO instrument (id, issuer_id, rated_object_type, name, cusip, coupon_rate, issuance_date, maturity_date, par_value, par_value_currency_code, debt_category) VALUES (513198, 451444, 'Instrument', 'DEGV   1.000 08/15/25', null, 1.0000, '2015-07-17', '2025-08-15', 5000000000, 'EUR', 'Unsecured');
INSERT INTO instrument (id, issuer_id, rated_object_type, name, cusip, coupon_rate, issuance_date, maturity_date, par_value, par_value_currency_code, debt_category) VALUES (513199, 451444, 'Instrument', 'DEGV   1.500 09/04/22', null, 1.5000, '2012-09-07', '2022-09-04', 5000000000, 'EUR', 'Unsecured');
INSERT INTO instrument (id, issuer_id, rated_object_type, name, cusip, coupon_rate, issuance_date, maturity_date, par_value, par_value_currency_code, debt_category) VALUES (513488, 451451, 'Instrument', 'FRGV   3.400 07/25/29', null, 3.4000, '1999-10-01', '2029-07-25', 2800000000, 'EUR', 'Unsecured');
INSERT INTO instrument (id, issuer_id, rated_object_type, name, cusip, coupon_rate, issuance_date, maturity_date, par_value, par_value_currency_code, debt_category) VALUES (513496, 451451, 'Instrument', 'FRGV   0.100 03/01/28', null, 0.1000, '2017-02-20', '2028-03-01', 2585000000, 'EUR', 'Unsecured');
INSERT INTO instrument (id, issuer_id, rated_object_type, name, cusip, coupon_rate, issuance_date, maturity_date, par_value, par_value_currency_code, debt_category) VALUES (513501, 451451, 'Instrument', 'FRGV   0.250 11/25/26', null, 0.2500, '2016-09-05', '2026-11-25', 5570000000, 'EUR', 'Unsecured');
INSERT INTO instrument (id, issuer_id, rated_object_type, name, cusip, coupon_rate, issuance_date, maturity_date, par_value, par_value_currency_code, debt_category) VALUES (513513, 451451, 'Instrument', 'FRGV   0.500 05/25/26', null, 0.5000, '2016-03-07', '2026-05-25', 5100000000, 'EUR', 'Unsecured');
INSERT INTO instrument (id, issuer_id, rated_object_type, name, cusip, coupon_rate, issuance_date, maturity_date, par_value, par_value_currency_code, debt_category) VALUES (513515, 451451, 'Instrument', 'FRGV   3.250 05/25/45', null, 3.2500, '2013-04-04', '2045-05-25', 4500000000, 'EUR', 'Unsecured');
INSERT INTO instrument (id, issuer_id, rated_object_type, name, cusip, coupon_rate, issuance_date, maturity_date, par_value, par_value_currency_code, debt_category) VALUES (513517, 451451, 'Instrument', 'FRGV   4.500 04/25/41', null, 4.5000, '2009-06-30', '2041-04-25', 6000000000, 'EUR', 'Unsecured');
INSERT INTO instrument (id, issuer_id, rated_object_type, name, cusip, coupon_rate, issuance_date, maturity_date, par_value, par_value_currency_code, debt_category) VALUES (513522, 451451, 'Instrument', 'FRGV   1.750 11/25/24', null, 1.7500, '2014-06-10', '2024-11-25', 6447000000, 'EUR', 'Unsecured');
INSERT INTO instrument (id, issuer_id, rated_object_type, name, cusip, coupon_rate, issuance_date, maturity_date, par_value, par_value_currency_code, debt_category) VALUES (513972, 451457, 'Instrument', 'ITGV   4.200 07/25/42', null, 4.2000, '2012-02-01', '2042-07-25', 230000000, 'EUR', 'Senior Unsecured');
INSERT INTO instrument (id, issuer_id, rated_object_type, name, cusip, coupon_rate, issuance_date, maturity_date, par_value, par_value_currency_code, debt_category) VALUES (513973, 451457, 'Instrument', 'ITGV   1.771 03/05/29', null, 1.7710, '2015-03-05', '2029-03-05', 500000000, 'EUR', 'Senior Unsecured');
INSERT INTO instrument (id, issuer_id, rated_object_type, name, cusip, coupon_rate, issuance_date, maturity_date, par_value, par_value_currency_code, debt_category) VALUES (513974, 451457, 'Instrument', 'ITGV   3.444 12/31/24', null, 3.4440, '2012-02-13', '2024-12-31', 437500000, 'EUR', 'Senior Unsecured');
INSERT INTO instrument (id, issuer_id, rated_object_type, name, cusip, coupon_rate, issuance_date, maturity_date, par_value, par_value_currency_code, debt_category) VALUES (513976, 451457, 'Instrument', 'ITGV   4.450 12/23/21', null, 4.4500, '2010-12-23', '2021-12-23', 150000000, 'EUR', 'Senior Unsecured');
INSERT INTO instrument (id, issuer_id, rated_object_type, name, cusip, coupon_rate, issuance_date, maturity_date, par_value, par_value_currency_code, debt_category) VALUES (513978, 451457, 'Instrument', 'ITGV   2.200 09/15/58', null, 2.2000, '2008-01-22', '2058-09-15', 500000000, 'EUR', 'Senior Unsecured');
INSERT INTO instrument (id, issuer_id, rated_object_type, name, cusip, coupon_rate, issuance_date, maturity_date, par_value, par_value_currency_code, debt_category) VALUES (513980, 451457, 'Instrument', 'ITGV   1.448 04/17/27', null, 1.4480, '2016-10-17', '2027-04-17', 900000000, 'EUR', 'Senior Unsecured');
INSERT INTO instrument (id, issuer_id, rated_object_type, name, cusip, coupon_rate, issuance_date, maturity_date, par_value, par_value_currency_code, debt_category) VALUES (513982, 451457, 'Instrument', 'ITGV   2.000 09/15/62', null, 2.0000, '2007-03-30', '2062-09-15', 250000000, 'EUR', 'Senior Unsecured');
INSERT INTO instrument (id, issuer_id, rated_object_type, name, cusip, coupon_rate, issuance_date, maturity_date, par_value, par_value_currency_code, debt_category) VALUES (544376, 451465, 'Instrument', 'CNGV   4.300 11/30/59', null, 4.3000, '2009-11-30', '2059-11-30', 20000000000, 'CNY', 'Unsecured');
INSERT INTO instrument (id, issuer_id, rated_object_type, name, cusip, coupon_rate, issuance_date, maturity_date, par_value, par_value_currency_code, debt_category) VALUES (544377, 451465, 'Instrument', 'CNGV   2.650 07/14/21', null, 2.6500, '2016-07-13', '2021-07-14', 39390000000, 'CNY', 'Unsecured');
INSERT INTO instrument (id, issuer_id, rated_object_type, name, cusip, coupon_rate, issuance_date, maturity_date, par_value, par_value_currency_code, debt_category) VALUES (544378, 451465, 'Instrument', 'CNGV   3.770 12/18/24', null, 3.7700, '2014-12-17', '2024-12-18', 28240000000, 'CNY', 'Unsecured');
INSERT INTO instrument (id, issuer_id, rated_object_type, name, cusip, coupon_rate, issuance_date, maturity_date, par_value, par_value_currency_code, debt_category) VALUES (544379, 451465, 'Instrument', 'CNGV   3.960 07/29/40', null, 3.9600, '2010-07-29', '2040-07-29', 28000000000, 'CNY', 'Unsecured');
INSERT INTO instrument (id, issuer_id, rated_object_type, name, cusip, coupon_rate, issuance_date, maturity_date, par_value, par_value_currency_code, debt_category) VALUES (544381, 451465, 'Instrument', 'CNGV   3.690 09/21/24', null, 3.6900, '2017-09-20', '2024-09-21', 40090000000, 'CNY', 'Unsecured');
INSERT INTO instrument (id, issuer_id, rated_object_type, name, cusip, coupon_rate, issuance_date, maturity_date, par_value, par_value_currency_code, debt_category) VALUES (544383, 451465, 'Instrument', 'CNGV   4.120 08/02/42', null, 4.1200, '2012-08-02', '2042-08-02', 28000000000, 'CNY', 'Unsecured');
INSERT INTO instrument (id, issuer_id, rated_object_type, name, cusip, coupon_rate, issuance_date, maturity_date, par_value, par_value_currency_code, debt_category) VALUES (544385, 451465, 'Instrument', 'CNGV   4.240 11/24/64', null, 4.2400, '2014-11-21', '2064-11-24', 26000000000, 'CNY', 'Unsecured');
INSERT INTO instrument (id, issuer_id, rated_object_type, name, cusip, coupon_rate, issuance_date, maturity_date, par_value, par_value_currency_code, debt_category) VALUES (544386, 451465, 'Instrument', 'CNGV   4.100 09/27/32', null, 4.1000, '2012-09-27', '2032-09-27', 28000000000, 'CNY', 'Unsecured');
INSERT INTO instrument (id, issuer_id, rated_object_type, name, cusip, coupon_rate, issuance_date, maturity_date, par_value, par_value_currency_code, debt_category) VALUES (555802, 459300, 'Instrument', 'MRCG   2.625 12/12/74 ''21 FRN', null, 2.6250, '2014-12-12', '2074-12-12', 1000000000, 'EUR', 'Subordinated Unsecured');
INSERT INTO instrument (id, issuer_id, rated_object_type, name, cusip, coupon_rate, issuance_date, maturity_date, par_value, par_value_currency_code, debt_category) VALUES (555803, 459300, 'Instrument', 'MRCG   3.375 12/12/74 ''24 FRN', null, 3.3750, '2014-12-12', '2074-12-12', 500000000, 'EUR', 'Subordinated Unsecured');
INSERT INTO instrument (id, issuer_id, rated_object_type, name, cusip, coupon_rate, issuance_date, maturity_date, par_value, par_value_currency_code, debt_category) VALUES (556492, 556491, 'Instrument', 'Heta Funding Designated Activity Company - Class A-1', null, null, '2018-10-11', '2048-08-19', 2900000000, 'GBP', 'Senior Secured');
INSERT INTO instrument (id, issuer_id, rated_object_type, name, cusip, coupon_rate, issuance_date, maturity_date, par_value, par_value_currency_code, debt_category) VALUES (556493, 556491, 'Instrument', 'Heta Funding Designated Activity Company - Class A-2', null, null, '2018-10-11', '2048-08-19', 2900000000, 'GBP', 'Senior Secured');
INSERT INTO instrument (id, issuer_id, rated_object_type, name, cusip, coupon_rate, issuance_date, maturity_date, par_value, par_value_currency_code, debt_category) VALUES (556494, 556491, 'Instrument', 'Heta Funding Designated Activity Company - Class B-1', null, null, '2018-10-11', '2048-08-19', 480000000, 'GBP', 'Mezzanine');
INSERT INTO instrument (id, issuer_id, rated_object_type, name, cusip, coupon_rate, issuance_date, maturity_date, par_value, par_value_currency_code, debt_category) VALUES (556495, 556491, 'Instrument', 'Heta Funding Designated Activity Company - Class B-2', null, null, '2018-10-11', '2048-08-19', 480000000, 'GBP', 'Mezzanine');
INSERT INTO instrument (id, issuer_id, rated_object_type, name, cusip, coupon_rate, issuance_date, maturity_date, par_value, par_value_currency_code, debt_category) VALUES (563635, 492104, 'Instrument', 'DAIG   2.250 01/24/22 MTN', null, 2.2500, '2014-01-24', '2022-01-24', 750000000, 'EUR', 'Senior Unsecured');
INSERT INTO instrument (id, issuer_id, rated_object_type, name, cusip, coupon_rate, issuance_date, maturity_date, par_value, par_value_currency_code, debt_category) VALUES (563637, 492104, 'Instrument', 'DAIG   1.500 07/03/29 MTN', null, 1.5000, '2017-07-03', '2029-07-03', 1500000000, 'EUR', 'Senior Unsecured');
INSERT INTO instrument (id, issuer_id, rated_object_type, name, cusip, coupon_rate, issuance_date, maturity_date, par_value, par_value_currency_code, debt_category) VALUES (563641, 492104, 'Instrument', 'DAIG   1.875 07/08/24 MTN', null, 1.8750, '2014-07-08', '2024-07-08', 500000000, 'EUR', 'Senior Unsecured');
INSERT INTO instrument (id, issuer_id, rated_object_type, name, cusip, coupon_rate, issuance_date, maturity_date, par_value, par_value_currency_code, debt_category) VALUES (563645, 492104, 'Instrument', 'DAIG   0.875 01/12/21 MTN', null, 0.8750, '2016-01-12', '2021-01-12', 1000000000, 'EUR', 'Senior Unsecured');
INSERT INTO instrument (id, issuer_id, rated_object_type, name, cusip, coupon_rate, issuance_date, maturity_date, par_value, par_value_currency_code, debt_category) VALUES (563651, 492104, 'Instrument', 'DAIG   0.750 05/11/23 MTN', null, 0.7500, '2016-05-11', '2023-05-11', 750000000, 'EUR', 'Senior Unsecured');
INSERT INTO instrument (id, issuer_id, rated_object_type, name, cusip, coupon_rate, issuance_date, maturity_date, par_value, par_value_currency_code, debt_category) VALUES (563657, 492104, 'Instrument', 'DAIG   1.375 05/11/28 MTN', null, 1.3750, '2016-05-11', '2028-05-11', 1250000000, 'EUR', 'Senior Unsecured');
INSERT INTO instrument (id, issuer_id, rated_object_type, name, cusip, coupon_rate, issuance_date, maturity_date, par_value, par_value_currency_code, debt_category) VALUES (563658, 492104, 'Instrument', 'DAIG   1.600 10/01/25 MTN', null, 1.6000, '2015-10-01', '2025-10-01', 51500000, 'EUR', 'Senior Unsecured');
INSERT INTO instrument (id, issuer_id, rated_object_type, name, cusip, coupon_rate, issuance_date, maturity_date, par_value, par_value_currency_code, debt_category) VALUES (563661, 492104, 'Instrument', 'DAIG   1.356 06/18/20 FRN MTN', null, 1.3560, '2015-06-18', '2020-06-18', 90000000, 'GBP', 'Senior Unsecured');
INSERT INTO instrument (id, issuer_id, rated_object_type, name, cusip, coupon_rate, issuance_date, maturity_date, par_value, par_value_currency_code, debt_category) VALUES (563665, 492104, 'Instrument', 'DAIG   2.375 12/16/21 MTN', null, 2.3750, '2015-12-16', '2021-12-16', 250000000, 'GBP', 'Senior Unsecured');
INSERT INTO instrument (id, issuer_id, rated_object_type, name, cusip, coupon_rate, issuance_date, maturity_date, par_value, par_value_currency_code, debt_category) VALUES (563802, 3641, 'Instrument', 'Banco Santander, S.A. - Class C USD 96,700,500 Credit Linked Notes due September 2026', null, 4.8800, '2019-06-28', '2025-09-25', 96700500, 'USD', 'Mezzanine');
INSERT INTO instrument (id, issuer_id, rated_object_type, name, cusip, coupon_rate, issuance_date, maturity_date, par_value, par_value_currency_code, debt_category) VALUES (563803, 3641, 'Instrument', 'Banco Santander, S.A. - Class D USD 60,783,000 Credit Linked Notes due September 2026', null, 5.8800, '2019-06-28', '2025-09-25', 60783000, 'USD', 'Mezzanine');
INSERT INTO instrument (id, issuer_id, rated_object_type, name, cusip, coupon_rate, issuance_date, maturity_date, par_value, par_value_currency_code, debt_category) VALUES (563804, 3641, 'Instrument', 'Banco Santander, S.A. - Class E USD 34,536,000 Credit Linked Notes due September 2026', null, 6.3800, '2019-06-28', '2025-09-25', 34536000, 'USD', 'Mezzanine');
INSERT INTO instrument (id, issuer_id, rated_object_type, name, cusip, coupon_rate, issuance_date, maturity_date, par_value, par_value_currency_code, debt_category) VALUES (563805, 3641, 'Instrument', 'Banco Santander, S.A. - Class F USD 23,484,000 Credit Linked Notes due September 2026', null, 6.8800, '2019-06-28', '2025-09-25', 23484000, 'USD', 'Mezzanine');
INSERT INTO instrument (id, issuer_id, rated_object_type, name, cusip, coupon_rate, issuance_date, maturity_date, par_value, par_value_currency_code, debt_category) VALUES (563856, 459300, 'Instrument', 'MRCG   1.625 06/25/79 ''24 FRN', null, 1.6250, '2019-06-25', '2079-06-25', 500000000, 'EUR', 'Subordinated Unsecured');
INSERT INTO instrument (id, issuer_id, rated_object_type, name, cusip, coupon_rate, issuance_date, maturity_date, par_value, par_value_currency_code, debt_category) VALUES (563857, 459300, 'Instrument', 'MRCG   2.875 06/25/79 ''29 FRN', null, 2.8750, '2019-06-25', '2079-06-25', 1000000000, 'EUR', 'Subordinated Unsecured');

-- INSTRUMENT_IDENTIFIER
INSERT INTO instrument_identifier (instrument_id, identifier, identifier_scheme) VALUES (29843, 'DE000DB7XPW2', 'ISIN');
INSERT INTO instrument_identifier (instrument_id, identifier, identifier_scheme) VALUES (29843, 'B0D4003A-712F-4239-A174-6C0B1C14FB66', 'NRSRO');
INSERT INTO instrument_identifier (instrument_id, identifier, identifier_scheme) VALUES (29851, 'DE000DB7XNA3', 'ISIN');
INSERT INTO instrument_identifier (instrument_id, identifier, identifier_scheme) VALUES (29851, 'FB3ECB29-C1EF-41F8-8A72-649C35B59F47', 'NRSRO');
INSERT INTO instrument_identifier (instrument_id, identifier, identifier_scheme) VALUES (29876, 'DE000DB7XPX0', 'ISIN');
INSERT INTO instrument_identifier (instrument_id, identifier, identifier_scheme) VALUES (29876, '1A94E005-6EBD-47BF-AB7E-E6CB786E6065', 'NRSRO');
INSERT INTO instrument_identifier (instrument_id, identifier, identifier_scheme) VALUES (29916, 'DE000DB7XLP5', 'ISIN');
INSERT INTO instrument_identifier (instrument_id, identifier, identifier_scheme) VALUES (29916, '2F12D3BB-380A-4461-A5F3-0812BC38E0AA', 'NRSRO');
INSERT INTO instrument_identifier (instrument_id, identifier, identifier_scheme) VALUES (76527, 'DE000DB7XNF2', 'ISIN');
INSERT INTO instrument_identifier (instrument_id, identifier, identifier_scheme) VALUES (76527, '2CE2F49D-36BB-4279-873B-0F9B4141235F', 'NRSRO');
INSERT INTO instrument_identifier (instrument_id, identifier, identifier_scheme) VALUES (76578, 'DE000DB5DCS4', 'ISIN');
INSERT INTO instrument_identifier (instrument_id, identifier, identifier_scheme) VALUES (76578, '14BC64B3-E944-4DB5-BA19-85309172E622', 'NRSRO');
INSERT INTO instrument_identifier (instrument_id, identifier, identifier_scheme) VALUES (112603, 'DE000DB7XGS9', 'ISIN');
INSERT INTO instrument_identifier (instrument_id, identifier, identifier_scheme) VALUES (112603, '12F0D983-CAAA-4E08-85B5-EB96F09A3761', 'NRSRO');
INSERT INTO instrument_identifier (instrument_id, identifier, identifier_scheme) VALUES (149028, 'DE000DB7XJC7', 'ISIN');
INSERT INTO instrument_identifier (instrument_id, identifier, identifier_scheme) VALUES (149028, 'A2869DDA-6002-4E10-AE6B-C7B9CD68E57E', 'NRSRO');
INSERT INTO instrument_identifier (instrument_id, identifier, identifier_scheme) VALUES (150702, 'DE000DB7XJB9', 'ISIN');
INSERT INTO instrument_identifier (instrument_id, identifier, identifier_scheme) VALUES (150702, '2C215CBB-2600-4C30-A4E1-B63F5A19BD41', 'NRSRO');
INSERT INTO instrument_identifier (instrument_id, identifier, identifier_scheme) VALUES (187868, 'DE000DB7XLC3', 'ISIN');
INSERT INTO instrument_identifier (instrument_id, identifier, identifier_scheme) VALUES (187868, 'E9E6C68D-828A-49CB-8698-270B05AB42E8', 'NRSRO');
INSERT INTO instrument_identifier (instrument_id, identifier, identifier_scheme) VALUES (461616, '45613482-4B07-4EE2-9827-8A853BA2ECD4', 'NRSRO');
INSERT INTO instrument_identifier (instrument_id, identifier, identifier_scheme) VALUES (461617, '97652849-6BAF-44FD-96D5-1B73EA2B26A3', 'NRSRO');
INSERT INTO instrument_identifier (instrument_id, identifier, identifier_scheme) VALUES (461618, 'A5A64FDD-F5B2-4BA1-B7A9-18DA991B2E25', 'NRSRO');
INSERT INTO instrument_identifier (instrument_id, identifier, identifier_scheme) VALUES (513192, 'DE0001135424', 'ISIN');
INSERT INTO instrument_identifier (instrument_id, identifier, identifier_scheme) VALUES (513192, '47B23B90-0C7C-416A-93CA-3784213F3543', 'NRSRO');
INSERT INTO instrument_identifier (instrument_id, identifier, identifier_scheme) VALUES (513194, 'DE0001141729', 'ISIN');
INSERT INTO instrument_identifier (instrument_id, identifier, identifier_scheme) VALUES (513194, '6B0648DC-7B9A-4585-9D91-CF04EE34B235', 'NRSRO');
INSERT INTO instrument_identifier (instrument_id, identifier, identifier_scheme) VALUES (513195, 'DE0001135275', 'ISIN');
INSERT INTO instrument_identifier (instrument_id, identifier, identifier_scheme) VALUES (513195, 'B1DDC98F-0C1B-45C7-B3B1-F63D06D24593', 'NRSRO');
INSERT INTO instrument_identifier (instrument_id, identifier, identifier_scheme) VALUES (513197, 'DE0001135325', 'ISIN');
INSERT INTO instrument_identifier (instrument_id, identifier, identifier_scheme) VALUES (513197, '5020758D-07E2-4477-8B8C-96B791CB47C4', 'NRSRO');
INSERT INTO instrument_identifier (instrument_id, identifier, identifier_scheme) VALUES (513198, 'DE0001102382', 'ISIN');
INSERT INTO instrument_identifier (instrument_id, identifier, identifier_scheme) VALUES (513198, '4AC79172-D578-404A-99DA-42451DDBB623', 'NRSRO');
INSERT INTO instrument_identifier (instrument_id, identifier, identifier_scheme) VALUES (513199, 'DE0001135499', 'ISIN');
INSERT INTO instrument_identifier (instrument_id, identifier, identifier_scheme) VALUES (513199, '342FD710-B09B-4030-ABD9-21AE0F5F42BA', 'NRSRO');
INSERT INTO instrument_identifier (instrument_id, identifier, identifier_scheme) VALUES (513488, 'FR0000186413', 'ISIN');
INSERT INTO instrument_identifier (instrument_id, identifier, identifier_scheme) VALUES (513488, '8099A731-B275-49DC-9AFA-518D919B53F1', 'NRSRO');
INSERT INTO instrument_identifier (instrument_id, identifier, identifier_scheme) VALUES (513496, 'FR0013238268', 'ISIN');
INSERT INTO instrument_identifier (instrument_id, identifier, identifier_scheme) VALUES (513496, 'AC33123D-C1E0-4EB0-ACB2-1E13045C779E', 'NRSRO');
INSERT INTO instrument_identifier (instrument_id, identifier, identifier_scheme) VALUES (513501, 'FR0013200813', 'ISIN');
INSERT INTO instrument_identifier (instrument_id, identifier, identifier_scheme) VALUES (513501, '4897636B-CB70-424E-B9C8-64E6C2A7834D', 'NRSRO');
INSERT INTO instrument_identifier (instrument_id, identifier, identifier_scheme) VALUES (513513, 'FR0013131877', 'ISIN');
INSERT INTO instrument_identifier (instrument_id, identifier, identifier_scheme) VALUES (513513, 'CD18B9AD-16EE-480D-BDE8-115EAB3C2392', 'NRSRO');
INSERT INTO instrument_identifier (instrument_id, identifier, identifier_scheme) VALUES (513515, 'FR0011461037', 'ISIN');
INSERT INTO instrument_identifier (instrument_id, identifier, identifier_scheme) VALUES (513515, '7286839D-65DC-4D22-A4A9-7DDC8CCB2B6F', 'NRSRO');
INSERT INTO instrument_identifier (instrument_id, identifier, identifier_scheme) VALUES (513517, 'FR0010773192', 'ISIN');
INSERT INTO instrument_identifier (instrument_id, identifier, identifier_scheme) VALUES (513517, '7B2951BF-22A4-4AA8-9E77-EA82109B9642', 'NRSRO');
INSERT INTO instrument_identifier (instrument_id, identifier, identifier_scheme) VALUES (513522, 'FR0011962398', 'ISIN');
INSERT INTO instrument_identifier (instrument_id, identifier, identifier_scheme) VALUES (513522, '7124547E-2E80-4D69-A62A-5EA071AFB79B', 'NRSRO');
INSERT INTO instrument_identifier (instrument_id, identifier, identifier_scheme) VALUES (513972, 'XS0740661516', 'ISIN');
INSERT INTO instrument_identifier (instrument_id, identifier, identifier_scheme) VALUES (513972, '45B9BEF8-FADB-4121-9B08-569FE5A4D908', 'NRSRO');
INSERT INTO instrument_identifier (instrument_id, identifier, identifier_scheme) VALUES (513973, 'XS1199014306', 'ISIN');
INSERT INTO instrument_identifier (instrument_id, identifier, identifier_scheme) VALUES (513973, '4B827434-2FAC-41A9-B6D2-1C440BCA5348', 'NRSRO');
INSERT INTO instrument_identifier (instrument_id, identifier, identifier_scheme) VALUES (513974, 'XS0747189651', 'ISIN');
INSERT INTO instrument_identifier (instrument_id, identifier, identifier_scheme) VALUES (513974, '5D7192D2-BCBA-4244-94A7-C4FB53F261DF', 'NRSRO');
INSERT INTO instrument_identifier (instrument_id, identifier, identifier_scheme) VALUES (513976, 'XS0572691979', 'ISIN');
INSERT INTO instrument_identifier (instrument_id, identifier, identifier_scheme) VALUES (513976, '92745F36-83CF-42EB-BDCB-EA4A022EA672', 'NRSRO');
INSERT INTO instrument_identifier (instrument_id, identifier, identifier_scheme) VALUES (513978, 'XS0342993747', 'ISIN');
INSERT INTO instrument_identifier (instrument_id, identifier, identifier_scheme) VALUES (513978, 'A93773B6-7680-4EDA-8272-2FD53CA5E3AD', 'NRSRO');
INSERT INTO instrument_identifier (instrument_id, identifier, identifier_scheme) VALUES (513980, 'XS1505666815', 'ISIN');
INSERT INTO instrument_identifier (instrument_id, identifier, identifier_scheme) VALUES (513980, 'B5DDCD5C-A054-432A-A0E6-357C14467D86', 'NRSRO');
INSERT INTO instrument_identifier (instrument_id, identifier, identifier_scheme) VALUES (513982, 'XS0293217799', 'ISIN');
INSERT INTO instrument_identifier (instrument_id, identifier, identifier_scheme) VALUES (513982, '9D0770AD-1CF9-40F2-B188-41B4D02702B7', 'NRSRO');
INSERT INTO instrument_identifier (instrument_id, identifier, identifier_scheme) VALUES (544376, 'CND100002FV8', 'ISIN');
INSERT INTO instrument_identifier (instrument_id, identifier, identifier_scheme) VALUES (544376, '0D855F0F-1A82-4578-ABD8-A01A3A778C17', 'NRSRO');
INSERT INTO instrument_identifier (instrument_id, identifier, identifier_scheme) VALUES (544377, 'CND10000B7S2', 'ISIN');
INSERT INTO instrument_identifier (instrument_id, identifier, identifier_scheme) VALUES (544377, '69B0223B-2153-485B-BF61-8D0C64C32938', 'NRSRO');
INSERT INTO instrument_identifier (instrument_id, identifier, identifier_scheme) VALUES (544378, 'CND100008127', 'ISIN');
INSERT INTO instrument_identifier (instrument_id, identifier, identifier_scheme) VALUES (544378, '036E9E2B-A6B3-4B38-8DF6-8A3B0BCECB93', 'NRSRO');
INSERT INTO instrument_identifier (instrument_id, identifier, identifier_scheme) VALUES (544379, 'CND100002VP7', 'ISIN');
INSERT INTO instrument_identifier (instrument_id, identifier, identifier_scheme) VALUES (544379, '8C4647A4-3C64-4E4E-9D14-7DC80B5DBBAC', 'NRSRO');
INSERT INTO instrument_identifier (instrument_id, identifier, identifier_scheme) VALUES (544381, 'CND10000J7P0', 'ISIN');
INSERT INTO instrument_identifier (instrument_id, identifier, identifier_scheme) VALUES (544381, '05F6983E-3698-4B12-AFFF-8963C99539CE', 'NRSRO');
INSERT INTO instrument_identifier (instrument_id, identifier, identifier_scheme) VALUES (544383, 'CND100005HW5', 'ISIN');
INSERT INTO instrument_identifier (instrument_id, identifier, identifier_scheme) VALUES (544383, '26DB46ED-3529-4E01-984E-4BAE30C8A71A', 'NRSRO');
INSERT INTO instrument_identifier (instrument_id, identifier, identifier_scheme) VALUES (544385, 'CND100007Y88', 'ISIN');
INSERT INTO instrument_identifier (instrument_id, identifier, identifier_scheme) VALUES (544385, 'C2F091ED-CCF0-40BF-B69C-E0AA06CFCCB8', 'NRSRO');
INSERT INTO instrument_identifier (instrument_id, identifier, identifier_scheme) VALUES (544386, 'CND100005PV0', 'ISIN');
INSERT INTO instrument_identifier (instrument_id, identifier, identifier_scheme) VALUES (544386, '531BB52D-31F7-4255-94CE-1BDCB0031DA5', 'NRSRO');
INSERT INTO instrument_identifier (instrument_id, identifier, identifier_scheme) VALUES (555802, 'XS1152338072', 'ISIN');
INSERT INTO instrument_identifier (instrument_id, identifier, identifier_scheme) VALUES (555802, '9DF2C4EE-66FA-4D84-87BE-B84C4B0610F3', 'NRSRO');
INSERT INTO instrument_identifier (instrument_id, identifier, identifier_scheme) VALUES (555803, 'XS1152343668', 'ISIN');
INSERT INTO instrument_identifier (instrument_id, identifier, identifier_scheme) VALUES (555803, '37AFB1AF-61EA-483E-B3D5-18E142F08A05', 'NRSRO');
INSERT INTO instrument_identifier (instrument_id, identifier, identifier_scheme) VALUES (556492, 'XS0472601912', 'ISIN');
INSERT INTO instrument_identifier (instrument_id, identifier, identifier_scheme) VALUES (556492, 'EA586523-C6D5-43FD-B8F5-89C12F6E9162', 'NRSRO');
INSERT INTO instrument_identifier (instrument_id, identifier, identifier_scheme) VALUES (556493, 'XS1881860339', 'ISIN');
INSERT INTO instrument_identifier (instrument_id, identifier, identifier_scheme) VALUES (556493, 'C291237B-E102-43FF-A0B3-088A880E2D46', 'NRSRO');
INSERT INTO instrument_identifier (instrument_id, identifier, identifier_scheme) VALUES (556494, 'XS1881859836', 'ISIN');
INSERT INTO instrument_identifier (instrument_id, identifier, identifier_scheme) VALUES (556494, '767C1CD6-6672-4607-96BB-E551DA3F2F33', 'NRSRO');
INSERT INTO instrument_identifier (instrument_id, identifier, identifier_scheme) VALUES (556495, 'XS1881860172', 'ISIN');
INSERT INTO instrument_identifier (instrument_id, identifier, identifier_scheme) VALUES (556495, '7E3A7DA7-5EAF-4B8F-8012-0777D18C9F1A', 'NRSRO');
INSERT INTO instrument_identifier (instrument_id, identifier, identifier_scheme) VALUES (563635, 'DE000A1R04X6', 'ISIN');
INSERT INTO instrument_identifier (instrument_id, identifier, identifier_scheme) VALUES (563635, '189CD39B-47F3-4CE3-ADF2-CB8429C01339', 'NRSRO');
INSERT INTO instrument_identifier (instrument_id, identifier, identifier_scheme) VALUES (563637, 'DE000A2GSCW3', 'ISIN');
INSERT INTO instrument_identifier (instrument_id, identifier, identifier_scheme) VALUES (563637, '1E9D909C-363F-403D-BC00-1B104A39E6F0', 'NRSRO');
INSERT INTO instrument_identifier (instrument_id, identifier, identifier_scheme) VALUES (563641, 'DE000A11QSB8', 'ISIN');
INSERT INTO instrument_identifier (instrument_id, identifier, identifier_scheme) VALUES (563641, '2D97D89B-26FC-4E46-BA8B-CB367CECCD93', 'NRSRO');
INSERT INTO instrument_identifier (instrument_id, identifier, identifier_scheme) VALUES (563645, 'DE000A169G07', 'ISIN');
INSERT INTO instrument_identifier (instrument_id, identifier, identifier_scheme) VALUES (563645, '369A86BF-25C1-478B-A15A-9586C5EA4F7E', 'NRSRO');
INSERT INTO instrument_identifier (instrument_id, identifier, identifier_scheme) VALUES (563651, 'DE000A169NB4', 'ISIN');
INSERT INTO instrument_identifier (instrument_id, identifier, identifier_scheme) VALUES (563651, '494B801E-E099-4DE4-BF5B-E3D17276D90F', 'NRSRO');
INSERT INTO instrument_identifier (instrument_id, identifier, identifier_scheme) VALUES (563657, 'DE000A169NC2', 'ISIN');
INSERT INTO instrument_identifier (instrument_id, identifier, identifier_scheme) VALUES (563657, '583556EC-BA46-405A-94B2-75B2F3214932', 'NRSRO');
INSERT INTO instrument_identifier (instrument_id, identifier, identifier_scheme) VALUES (563658, 'XS1294414617', 'ISIN');
INSERT INTO instrument_identifier (instrument_id, identifier, identifier_scheme) VALUES (563658, '5A2ADF23-4E3F-406B-ACB7-48078CE89715', 'NRSRO');
INSERT INTO instrument_identifier (instrument_id, identifier, identifier_scheme) VALUES (563661, 'XS1246888173', 'ISIN');
INSERT INTO instrument_identifier (instrument_id, identifier, identifier_scheme) VALUES (563661, '612A40D4-AF8E-44BE-8DC8-4AD4FDDFCEE3', 'NRSRO');
INSERT INTO instrument_identifier (instrument_id, identifier, identifier_scheme) VALUES (563665, 'XS1334170799', 'ISIN');
INSERT INTO instrument_identifier (instrument_id, identifier, identifier_scheme) VALUES (563665, '6BDA3E8E-D8BF-4093-9CFA-8DC3A875A998', 'NRSRO');
INSERT INTO instrument_identifier (instrument_id, identifier, identifier_scheme) VALUES (563802, 'XS2019750343', 'ISIN');
INSERT INTO instrument_identifier (instrument_id, identifier, identifier_scheme) VALUES (563802, '89613BD6-73E2-4364-B359-187573EB6BE3', 'NRSRO');
INSERT INTO instrument_identifier (instrument_id, identifier, identifier_scheme) VALUES (563803, 'XS2019750426', 'ISIN');
INSERT INTO instrument_identifier (instrument_id, identifier, identifier_scheme) VALUES (563803, '52F424EB-E96B-49AB-BF52-6DC01B53D9E2', 'NRSRO');
INSERT INTO instrument_identifier (instrument_id, identifier, identifier_scheme) VALUES (563804, 'XS2019750699', 'ISIN');
INSERT INTO instrument_identifier (instrument_id, identifier, identifier_scheme) VALUES (563804, '5BA47B2D-B95D-44FA-9BB8-5E0B5396FAC4', 'NRSRO');
INSERT INTO instrument_identifier (instrument_id, identifier, identifier_scheme) VALUES (563805, 'XS2019751150', 'ISIN');
INSERT INTO instrument_identifier (instrument_id, identifier, identifier_scheme) VALUES (563805, '1E719498-0EAA-4875-9A84-7B1C6ED72824', 'NRSRO');
INSERT INTO instrument_identifier (instrument_id, identifier, identifier_scheme) VALUES (563856, 'XS2011260531', 'ISIN');
INSERT INTO instrument_identifier (instrument_id, identifier, identifier_scheme) VALUES (563856, 'C82B32D3-F2AD-4384-9FDC-077008D89062', 'NRSRO');
INSERT INTO instrument_identifier (instrument_id, identifier, identifier_scheme) VALUES (563857, 'XS2011260705', 'ISIN');
INSERT INTO instrument_identifier (instrument_id, identifier, identifier_scheme) VALUES (563857, '3AA64B24-6E4A-4CD2-A4A7-726E761F0A7A', 'NRSRO');

-- INSTRUMENT_RATING_ACTION
INSERT INTO instrument_rating_action (instrument_id, rating_action_id, rating_type, rating_type_term, rating_sub_type_scheme, version_no, rating_action_type, other_rating_action_type, rating, outlook_trend, watch_review, rating_date, issuer_paid) VALUES (29843, '29843-1-6264', 'Rating', 'long-term', null, 1, 'NW', null, 'BBB', 'Stable', null, '2018-04-20', 0);
INSERT INTO instrument_rating_action (instrument_id, rating_action_id, rating_type, rating_type_term, rating_sub_type_scheme, version_no, rating_action_type, other_rating_action_type, rating, outlook_trend, watch_review, rating_date, issuer_paid) VALUES (29843, '29843-1-6581', 'Rating', 'long-term', null, 2, null, 'Outlook Trend', 'BBB', 'Negative', null, '2018-06-06', 0);
INSERT INTO instrument_rating_action (instrument_id, rating_action_id, rating_type, rating_type_term, rating_sub_type_scheme, version_no, rating_action_type, other_rating_action_type, rating, outlook_trend, watch_review, rating_date, issuer_paid) VALUES (29851, '29851-1-5684', 'Rating', 'long-term', null, 1, 'HS', null, 'BBB', 'Stable', null, '2017-12-31', 0);
INSERT INTO instrument_rating_action (instrument_id, rating_action_id, rating_type, rating_type_term, rating_sub_type_scheme, version_no, rating_action_type, other_rating_action_type, rating, outlook_trend, watch_review, rating_date, issuer_paid) VALUES (29851, '29851-1-6583', 'Rating', 'long-term', null, 2, null, 'Outlook Trend', 'BBB', 'Negative', null, '2018-06-06', 0);
INSERT INTO instrument_rating_action (instrument_id, rating_action_id, rating_type, rating_type_term, rating_sub_type_scheme, version_no, rating_action_type, other_rating_action_type, rating, outlook_trend, watch_review, rating_date, issuer_paid) VALUES (29876, '29876-1-6266', 'Rating', 'long-term', null, 1, 'NW', null, 'BBB', 'Stable', null, '2018-04-20', 0);
INSERT INTO instrument_rating_action (instrument_id, rating_action_id, rating_type, rating_type_term, rating_sub_type_scheme, version_no, rating_action_type, other_rating_action_type, rating, outlook_trend, watch_review, rating_date, issuer_paid) VALUES (29876, '29876-1-6584', 'Rating', 'long-term', null, 2, null, 'Outlook Trend', 'BBB', 'Negative', null, '2018-06-06', 0);
INSERT INTO instrument_rating_action (instrument_id, rating_action_id, rating_type, rating_type_term, rating_sub_type_scheme, version_no, rating_action_type, other_rating_action_type, rating, outlook_trend, watch_review, rating_date, issuer_paid) VALUES (29916, '29916-1-5687', 'Rating', 'long-term', null, 1, 'HS', null, 'BBB', 'Stable', null, '2017-12-31', 0);
INSERT INTO instrument_rating_action (instrument_id, rating_action_id, rating_type, rating_type_term, rating_sub_type_scheme, version_no, rating_action_type, other_rating_action_type, rating, outlook_trend, watch_review, rating_date, issuer_paid) VALUES (29916, '29916-1-6586', 'Rating', 'long-term', null, 2, null, 'Outlook Trend', 'BBB', 'Negative', null, '2018-06-06', 0);
INSERT INTO instrument_rating_action (instrument_id, rating_action_id, rating_type, rating_type_term, rating_sub_type_scheme, version_no, rating_action_type, other_rating_action_type, rating, outlook_trend, watch_review, rating_date, issuer_paid) VALUES (76527, '76527-1-6257', 'Rating', 'long-term', null, 1, 'NW', null, 'BBB', 'Stable', null, '2018-04-20', 0);
INSERT INTO instrument_rating_action (instrument_id, rating_action_id, rating_type, rating_type_term, rating_sub_type_scheme, version_no, rating_action_type, other_rating_action_type, rating, outlook_trend, watch_review, rating_date, issuer_paid) VALUES (76527, '76527-1-6549', 'Rating', 'long-term', null, 2, null, 'Outlook Trend', 'BBB', 'Negative', null, '2018-06-06', 0);
INSERT INTO instrument_rating_action (instrument_id, rating_action_id, rating_type, rating_type_term, rating_sub_type_scheme, version_no, rating_action_type, other_rating_action_type, rating, outlook_trend, watch_review, rating_date, issuer_paid) VALUES (76578, '76578-1-5669', 'Rating', 'long-term', null, 1, 'HS', null, 'BBB', 'Stable', null, '2017-12-31', 0);
INSERT INTO instrument_rating_action (instrument_id, rating_action_id, rating_type, rating_type_term, rating_sub_type_scheme, version_no, rating_action_type, other_rating_action_type, rating, outlook_trend, watch_review, rating_date, issuer_paid) VALUES (76578, '76578-1-6550', 'Rating', 'long-term', null, 2, null, 'Outlook Trend', 'BBB', 'Negative', null, '2018-06-06', 0);
INSERT INTO instrument_rating_action (instrument_id, rating_action_id, rating_type, rating_type_term, rating_sub_type_scheme, version_no, rating_action_type, other_rating_action_type, rating, outlook_trend, watch_review, rating_date, issuer_paid) VALUES (112603, '112603-1-6274', 'Rating', 'long-term', null, 1, 'NW', null, 'BBB', 'Stable', null, '2018-04-20', 0);
INSERT INTO instrument_rating_action (instrument_id, rating_action_id, rating_type, rating_type_term, rating_sub_type_scheme, version_no, rating_action_type, other_rating_action_type, rating, outlook_trend, watch_review, rating_date, issuer_paid) VALUES (112603, '112603-1-6588', 'Rating', 'long-term', null, 2, null, 'Outlook Trend', 'BBB', 'Negative', null, '2018-06-06', 0);
INSERT INTO instrument_rating_action (instrument_id, rating_action_id, rating_type, rating_type_term, rating_sub_type_scheme, version_no, rating_action_type, other_rating_action_type, rating, outlook_trend, watch_review, rating_date, issuer_paid) VALUES (149028, '149028-1-6267', 'Rating', 'long-term', null, 1, 'NW', null, 'BBB', 'Stable', null, '2018-04-20', 0);
INSERT INTO instrument_rating_action (instrument_id, rating_action_id, rating_type, rating_type_term, rating_sub_type_scheme, version_no, rating_action_type, other_rating_action_type, rating, outlook_trend, watch_review, rating_date, issuer_paid) VALUES (149028, '149028-1-6551', 'Rating', 'long-term', null, 2, null, 'Outlook Trend', 'BBB', 'Negative', null, '2018-06-06', 0);
INSERT INTO instrument_rating_action (instrument_id, rating_action_id, rating_type, rating_type_term, rating_sub_type_scheme, version_no, rating_action_type, other_rating_action_type, rating, outlook_trend, watch_review, rating_date, issuer_paid) VALUES (150702, '150702-1-5671', 'Rating', 'long-term', null, 1, 'HS', null, 'BBB', 'Stable', null, '2017-12-31', 0);
INSERT INTO instrument_rating_action (instrument_id, rating_action_id, rating_type, rating_type_term, rating_sub_type_scheme, version_no, rating_action_type, other_rating_action_type, rating, outlook_trend, watch_review, rating_date, issuer_paid) VALUES (150702, '150702-1-6589', 'Rating', 'long-term', null, 2, null, 'Outlook Trend', 'BBB', 'Negative', null, '2018-06-06', 0);
INSERT INTO instrument_rating_action (instrument_id, rating_action_id, rating_type, rating_type_term, rating_sub_type_scheme, version_no, rating_action_type, other_rating_action_type, rating, outlook_trend, watch_review, rating_date, issuer_paid) VALUES (187868, '187868-1-6277', 'Rating', 'long-term', null, 1, 'NW', null, 'BBB', 'Stable', null, '2018-04-20', 0);
INSERT INTO instrument_rating_action (instrument_id, rating_action_id, rating_type, rating_type_term, rating_sub_type_scheme, version_no, rating_action_type, other_rating_action_type, rating, outlook_trend, watch_review, rating_date, issuer_paid) VALUES (187868, '187868-1-6573', 'Rating', 'long-term', null, 2, null, 'Outlook Trend', 'BBB', 'Negative', null, '2018-06-06', 0);
INSERT INTO instrument_rating_action (instrument_id, rating_action_id, rating_type, rating_type_term, rating_sub_type_scheme, version_no, rating_action_type, other_rating_action_type, rating, outlook_trend, watch_review, rating_date, issuer_paid) VALUES (461616, '461616-1-217', 'Rating', 'long-term', null, 1, 'HS', null, 'AAA (SF)', 'None', null, '2017-12-31', 1);
INSERT INTO instrument_rating_action (instrument_id, rating_action_id, rating_type, rating_type_term, rating_sub_type_scheme, version_no, rating_action_type, other_rating_action_type, rating, outlook_trend, watch_review, rating_date, issuer_paid) VALUES (461616, '461616-1-322', 'Rating', 'long-term', null, 2, null, 'Affirmation', 'AAA (SF)', 'None', null, '2018-01-31', 1);
INSERT INTO instrument_rating_action (instrument_id, rating_action_id, rating_type, rating_type_term, rating_sub_type_scheme, version_no, rating_action_type, other_rating_action_type, rating, outlook_trend, watch_review, rating_date, issuer_paid) VALUES (461616, '461616-1-409', 'Rating', 'long-term', null, 3, null, 'Affirmation', 'AAA (SF)', 'None', null, '2018-11-02', 1);
INSERT INTO instrument_rating_action (instrument_id, rating_action_id, rating_type, rating_type_term, rating_sub_type_scheme, version_no, rating_action_type, other_rating_action_type, rating, outlook_trend, watch_review, rating_date, issuer_paid) VALUES (461616, '461616-1-425', 'Rating', 'long-term', null, 4, null, 'Affirmation', 'AAA (SF)', 'None', null, '2018-11-15', 1);
INSERT INTO instrument_rating_action (instrument_id, rating_action_id, rating_type, rating_type_term, rating_sub_type_scheme, version_no, rating_action_type, other_rating_action_type, rating, outlook_trend, watch_review, rating_date, issuer_paid) VALUES (461616, '461616-1-568', 'Rating', 'long-term', null, 5, null, 'Affirmation', 'AAA (SF)', 'None', null, '2019-08-07', 1);
INSERT INTO instrument_rating_action (instrument_id, rating_action_id, rating_type, rating_type_term, rating_sub_type_scheme, version_no, rating_action_type, other_rating_action_type, rating, outlook_trend, watch_review, rating_date, issuer_paid) VALUES (461617, '461617-1-218', 'Rating', 'long-term', null, 1, 'HS', null, 'AA (SF)', 'None', null, '2017-12-31', 1);
INSERT INTO instrument_rating_action (instrument_id, rating_action_id, rating_type, rating_type_term, rating_sub_type_scheme, version_no, rating_action_type, other_rating_action_type, rating, outlook_trend, watch_review, rating_date, issuer_paid) VALUES (461617, '461617-1-323', 'Rating', 'long-term', null, 2, 'UP', null, 'AA+ (SF)', 'None', null, '2018-01-31', 1);
INSERT INTO instrument_rating_action (instrument_id, rating_action_id, rating_type, rating_type_term, rating_sub_type_scheme, version_no, rating_action_type, other_rating_action_type, rating, outlook_trend, watch_review, rating_date, issuer_paid) VALUES (461617, '461617-1-410', 'Rating', 'long-term', null, 3, null, 'Affirmation', 'AA+ (SF)', 'None', null, '2018-11-02', 1);
INSERT INTO instrument_rating_action (instrument_id, rating_action_id, rating_type, rating_type_term, rating_sub_type_scheme, version_no, rating_action_type, other_rating_action_type, rating, outlook_trend, watch_review, rating_date, issuer_paid) VALUES (461617, '461617-1-426', 'Rating', 'long-term', null, 4, null, 'Affirmation', 'AA+ (SF)', 'None', null, '2018-11-15', 1);
INSERT INTO instrument_rating_action (instrument_id, rating_action_id, rating_type, rating_type_term, rating_sub_type_scheme, version_no, rating_action_type, other_rating_action_type, rating, outlook_trend, watch_review, rating_date, issuer_paid) VALUES (461617, '461617-1-569', 'Rating', 'long-term', null, 5, null, 'Affirmation', 'AA+ (SF)', 'None', null, '2019-08-07', 1);
INSERT INTO instrument_rating_action (instrument_id, rating_action_id, rating_type, rating_type_term, rating_sub_type_scheme, version_no, rating_action_type, other_rating_action_type, rating, outlook_trend, watch_review, rating_date, issuer_paid) VALUES (461618, '461618-1-219', 'Rating', 'long-term', null, 1, 'HS', null, 'A (SF)', 'None', null, '2017-12-31', 1);
INSERT INTO instrument_rating_action (instrument_id, rating_action_id, rating_type, rating_type_term, rating_sub_type_scheme, version_no, rating_action_type, other_rating_action_type, rating, outlook_trend, watch_review, rating_date, issuer_paid) VALUES (461618, '461618-1-324', 'Rating', 'long-term', null, 2, 'UP', null, 'A+ (SF)', 'None', null, '2018-01-31', 1);
INSERT INTO instrument_rating_action (instrument_id, rating_action_id, rating_type, rating_type_term, rating_sub_type_scheme, version_no, rating_action_type, other_rating_action_type, rating, outlook_trend, watch_review, rating_date, issuer_paid) VALUES (461618, '461618-1-411', 'Rating', 'long-term', null, 3, 'DG', null, 'A (SF)', 'None', null, '2018-11-02', 1);
INSERT INTO instrument_rating_action (instrument_id, rating_action_id, rating_type, rating_type_term, rating_sub_type_scheme, version_no, rating_action_type, other_rating_action_type, rating, outlook_trend, watch_review, rating_date, issuer_paid) VALUES (461618, '461618-1-427', 'Rating', 'long-term', null, 4, null, 'Affirmation', 'A (SF)', 'None', null, '2018-11-15', 1);
INSERT INTO instrument_rating_action (instrument_id, rating_action_id, rating_type, rating_type_term, rating_sub_type_scheme, version_no, rating_action_type, other_rating_action_type, rating, outlook_trend, watch_review, rating_date, issuer_paid) VALUES (461618, '461618-1-570', 'Rating', 'long-term', null, 5, null, 'Affirmation', 'A (SF)', 'None', null, '2019-08-07', 1);
INSERT INTO instrument_rating_action (instrument_id, rating_action_id, rating_type, rating_type_term, rating_sub_type_scheme, version_no, rating_action_type, other_rating_action_type, rating, outlook_trend, watch_review, rating_date, issuer_paid) VALUES (513192, '513192-5-409', 'Rating', 'long-term', null, 1, 'HS', null, 'AAA', 'Stable', null, '2017-12-31', 0);
INSERT INTO instrument_rating_action (instrument_id, rating_action_id, rating_type, rating_type_term, rating_sub_type_scheme, version_no, rating_action_type, other_rating_action_type, rating, outlook_trend, watch_review, rating_date, issuer_paid) VALUES (513192, '513192-5-6296', 'Rating', 'long-term', null, 2, null, 'Affirmation', 'AAA', 'Stable', null, '2018-11-02', 0);
INSERT INTO instrument_rating_action (instrument_id, rating_action_id, rating_type, rating_type_term, rating_sub_type_scheme, version_no, rating_action_type, other_rating_action_type, rating, outlook_trend, watch_review, rating_date, issuer_paid) VALUES (513194, '513194-5-411', 'Rating', 'long-term', null, 1, 'HS', null, 'AAA', 'Stable', null, '2017-12-31', 0);
INSERT INTO instrument_rating_action (instrument_id, rating_action_id, rating_type, rating_type_term, rating_sub_type_scheme, version_no, rating_action_type, other_rating_action_type, rating, outlook_trend, watch_review, rating_date, issuer_paid) VALUES (513194, '513194-5-6298', 'Rating', 'long-term', null, 2, null, 'Affirmation', 'AAA', 'Stable', null, '2018-11-02', 0);
INSERT INTO instrument_rating_action (instrument_id, rating_action_id, rating_type, rating_type_term, rating_sub_type_scheme, version_no, rating_action_type, other_rating_action_type, rating, outlook_trend, watch_review, rating_date, issuer_paid) VALUES (513195, '513195-5-412', 'Rating', 'long-term', null, 1, 'HS', null, 'AAA', 'Stable', null, '2017-12-31', 0);
INSERT INTO instrument_rating_action (instrument_id, rating_action_id, rating_type, rating_type_term, rating_sub_type_scheme, version_no, rating_action_type, other_rating_action_type, rating, outlook_trend, watch_review, rating_date, issuer_paid) VALUES (513195, '513195-5-6299', 'Rating', 'long-term', null, 2, null, 'Affirmation', 'AAA', 'Stable', null, '2018-11-02', 0);
INSERT INTO instrument_rating_action (instrument_id, rating_action_id, rating_type, rating_type_term, rating_sub_type_scheme, version_no, rating_action_type, other_rating_action_type, rating, outlook_trend, watch_review, rating_date, issuer_paid) VALUES (513197, '513197-5-414', 'Rating', 'long-term', null, 1, 'HS', null, 'AAA', 'Stable', null, '2017-12-31', 0);
INSERT INTO instrument_rating_action (instrument_id, rating_action_id, rating_type, rating_type_term, rating_sub_type_scheme, version_no, rating_action_type, other_rating_action_type, rating, outlook_trend, watch_review, rating_date, issuer_paid) VALUES (513197, '513197-5-6300', 'Rating', 'long-term', null, 2, null, 'Affirmation', 'AAA', 'Stable', null, '2018-11-02', 0);
INSERT INTO instrument_rating_action (instrument_id, rating_action_id, rating_type, rating_type_term, rating_sub_type_scheme, version_no, rating_action_type, other_rating_action_type, rating, outlook_trend, watch_review, rating_date, issuer_paid) VALUES (513198, '513198-5-415', 'Rating', 'long-term', null, 1, 'HS', null, 'AAA', 'Stable', null, '2017-12-31', 0);
INSERT INTO instrument_rating_action (instrument_id, rating_action_id, rating_type, rating_type_term, rating_sub_type_scheme, version_no, rating_action_type, other_rating_action_type, rating, outlook_trend, watch_review, rating_date, issuer_paid) VALUES (513198, '513198-5-6301', 'Rating', 'long-term', null, 2, null, 'Affirmation', 'AAA', 'Stable', null, '2018-11-02', 0);
INSERT INTO instrument_rating_action (instrument_id, rating_action_id, rating_type, rating_type_term, rating_sub_type_scheme, version_no, rating_action_type, other_rating_action_type, rating, outlook_trend, watch_review, rating_date, issuer_paid) VALUES (513199, '513199-5-416', 'Rating', 'long-term', null, 1, 'HS', null, 'AAA', 'Stable', null, '2017-12-31', 0);
INSERT INTO instrument_rating_action (instrument_id, rating_action_id, rating_type, rating_type_term, rating_sub_type_scheme, version_no, rating_action_type, other_rating_action_type, rating, outlook_trend, watch_review, rating_date, issuer_paid) VALUES (513199, '513199-5-6302', 'Rating', 'long-term', null, 2, null, 'Affirmation', 'AAA', 'Stable', null, '2018-11-02', 0);
INSERT INTO instrument_rating_action (instrument_id, rating_action_id, rating_type, rating_type_term, rating_sub_type_scheme, version_no, rating_action_type, other_rating_action_type, rating, outlook_trend, watch_review, rating_date, issuer_paid) VALUES (513488, '513488-5-512', 'Rating', 'long-term', null, 1, 'HS', null, 'AA', 'Stable', null, '2017-12-31', 0);
INSERT INTO instrument_rating_action (instrument_id, rating_action_id, rating_type, rating_type_term, rating_sub_type_scheme, version_no, rating_action_type, other_rating_action_type, rating, outlook_trend, watch_review, rating_date, issuer_paid) VALUES (513488, '513488-5-6857', 'Rating', 'long-term', null, 2, null, 'Affirmation', 'AA', 'Stable', null, '2019-05-03', 0);
INSERT INTO instrument_rating_action (instrument_id, rating_action_id, rating_type, rating_type_term, rating_sub_type_scheme, version_no, rating_action_type, other_rating_action_type, rating, outlook_trend, watch_review, rating_date, issuer_paid) VALUES (513496, '513496-5-577', 'Rating', 'long-term', null, 1, 'HS', null, 'AA', 'Stable', null, '2017-12-31', 0);
INSERT INTO instrument_rating_action (instrument_id, rating_action_id, rating_type, rating_type_term, rating_sub_type_scheme, version_no, rating_action_type, other_rating_action_type, rating, outlook_trend, watch_review, rating_date, issuer_paid) VALUES (513496, '513496-5-6858', 'Rating', 'long-term', null, 2, null, 'Affirmation', 'AA', 'Stable', null, '2019-05-03', 0);
INSERT INTO instrument_rating_action (instrument_id, rating_action_id, rating_type, rating_type_term, rating_sub_type_scheme, version_no, rating_action_type, other_rating_action_type, rating, outlook_trend, watch_review, rating_date, issuer_paid) VALUES (513501, '513501-5-572', 'Rating', 'long-term', null, 1, 'HS', null, 'AA', 'Stable', null, '2017-12-31', 0);
INSERT INTO instrument_rating_action (instrument_id, rating_action_id, rating_type, rating_type_term, rating_sub_type_scheme, version_no, rating_action_type, other_rating_action_type, rating, outlook_trend, watch_review, rating_date, issuer_paid) VALUES (513501, '513501-5-6860', 'Rating', 'long-term', null, 2, null, 'Affirmation', 'AA', 'Stable', null, '2019-05-03', 0);
INSERT INTO instrument_rating_action (instrument_id, rating_action_id, rating_type, rating_type_term, rating_sub_type_scheme, version_no, rating_action_type, other_rating_action_type, rating, outlook_trend, watch_review, rating_date, issuer_paid) VALUES (513513, '513513-5-567', 'Rating', 'long-term', null, 1, 'HS', null, 'AA', 'Stable', null, '2017-12-31', 0);
INSERT INTO instrument_rating_action (instrument_id, rating_action_id, rating_type, rating_type_term, rating_sub_type_scheme, version_no, rating_action_type, other_rating_action_type, rating, outlook_trend, watch_review, rating_date, issuer_paid) VALUES (513513, '513513-5-6861', 'Rating', 'long-term', null, 2, null, 'Affirmation', 'AA', 'Stable', null, '2019-05-03', 0);
INSERT INTO instrument_rating_action (instrument_id, rating_action_id, rating_type, rating_type_term, rating_sub_type_scheme, version_no, rating_action_type, other_rating_action_type, rating, outlook_trend, watch_review, rating_date, issuer_paid) VALUES (513515, '513515-5-550', 'Rating', 'long-term', null, 1, 'HS', null, 'AA', 'Stable', null, '2017-12-31', 0);
INSERT INTO instrument_rating_action (instrument_id, rating_action_id, rating_type, rating_type_term, rating_sub_type_scheme, version_no, rating_action_type, other_rating_action_type, rating, outlook_trend, watch_review, rating_date, issuer_paid) VALUES (513515, '513515-5-6863', 'Rating', 'long-term', null, 2, null, 'Affirmation', 'AA', 'Stable', null, '2019-05-03', 0);
INSERT INTO instrument_rating_action (instrument_id, rating_action_id, rating_type, rating_type_term, rating_sub_type_scheme, version_no, rating_action_type, other_rating_action_type, rating, outlook_trend, watch_review, rating_date, issuer_paid) VALUES (513517, '513517-5-533', 'Rating', 'long-term', null, 1, 'HS', null, 'AA', 'Stable', null, '2017-12-31', 0);
INSERT INTO instrument_rating_action (instrument_id, rating_action_id, rating_type, rating_type_term, rating_sub_type_scheme, version_no, rating_action_type, other_rating_action_type, rating, outlook_trend, watch_review, rating_date, issuer_paid) VALUES (513517, '513517-5-6864', 'Rating', 'long-term', null, 2, null, 'Affirmation', 'AA', 'Stable', null, '2019-05-03', 0);
INSERT INTO instrument_rating_action (instrument_id, rating_action_id, rating_type, rating_type_term, rating_sub_type_scheme, version_no, rating_action_type, other_rating_action_type, rating, outlook_trend, watch_review, rating_date, issuer_paid) VALUES (513522, '513522-5-556', 'Rating', 'long-term', null, 1, 'HS', null, 'AA', 'Stable', null, '2017-12-31', 0);
INSERT INTO instrument_rating_action (instrument_id, rating_action_id, rating_type, rating_type_term, rating_sub_type_scheme, version_no, rating_action_type, other_rating_action_type, rating, outlook_trend, watch_review, rating_date, issuer_paid) VALUES (513522, '513522-5-6865', 'Rating', 'long-term', null, 2, null, 'Affirmation', 'AA', 'Stable', null, '2019-05-03', 0);
INSERT INTO instrument_rating_action (instrument_id, rating_action_id, rating_type, rating_type_term, rating_sub_type_scheme, version_no, rating_action_type, other_rating_action_type, rating, outlook_trend, watch_review, rating_date, issuer_paid) VALUES (513972, '513972-5-10689', 'Rating', 'long-term', null, 4, null, 'Outlook Trend', 'BBB+', 'Negative', null, '2020-05-15', 0);
INSERT INTO instrument_rating_action (instrument_id, rating_action_id, rating_type, rating_type_term, rating_sub_type_scheme, version_no, rating_action_type, other_rating_action_type, rating, outlook_trend, watch_review, rating_date, issuer_paid) VALUES (513972, '513972-5-4713', 'Rating', 'long-term', null, 2, null, 'Outlook Trend', 'A-', 'Negative', null, '2018-06-08', 0);
INSERT INTO instrument_rating_action (instrument_id, rating_action_id, rating_type, rating_type_term, rating_sub_type_scheme, version_no, rating_action_type, other_rating_action_type, rating, outlook_trend, watch_review, rating_date, issuer_paid) VALUES (513972, '513972-5-6386', 'Rating', 'long-term', null, 3, 'DG', null, 'BBB+', 'Stable', null, '2018-12-07', 0);
INSERT INTO instrument_rating_action (instrument_id, rating_action_id, rating_type, rating_type_term, rating_sub_type_scheme, version_no, rating_action_type, other_rating_action_type, rating, outlook_trend, watch_review, rating_date, issuer_paid) VALUES (513972, '513972-5-802', 'Rating', 'long-term', null, 1, 'HS', null, 'A-', 'Stable', null, '2017-12-31', 0);
INSERT INTO instrument_rating_action (instrument_id, rating_action_id, rating_type, rating_type_term, rating_sub_type_scheme, version_no, rating_action_type, other_rating_action_type, rating, outlook_trend, watch_review, rating_date, issuer_paid) VALUES (513973, '513973-5-10690', 'Rating', 'long-term', null, 4, null, 'Outlook Trend', 'BBB+', 'Negative', null, '2020-05-15', 0);
INSERT INTO instrument_rating_action (instrument_id, rating_action_id, rating_type, rating_type_term, rating_sub_type_scheme, version_no, rating_action_type, other_rating_action_type, rating, outlook_trend, watch_review, rating_date, issuer_paid) VALUES (513973, '513973-5-4714', 'Rating', 'long-term', null, 2, null, 'Outlook Trend', 'A-', 'Negative', null, '2018-06-08', 0);
INSERT INTO instrument_rating_action (instrument_id, rating_action_id, rating_type, rating_type_term, rating_sub_type_scheme, version_no, rating_action_type, other_rating_action_type, rating, outlook_trend, watch_review, rating_date, issuer_paid) VALUES (513973, '513973-5-6387', 'Rating', 'long-term', null, 3, 'DG', null, 'BBB+', 'Stable', null, '2018-12-07', 0);
INSERT INTO instrument_rating_action (instrument_id, rating_action_id, rating_type, rating_type_term, rating_sub_type_scheme, version_no, rating_action_type, other_rating_action_type, rating, outlook_trend, watch_review, rating_date, issuer_paid) VALUES (513973, '513973-5-812', 'Rating', 'long-term', null, 1, 'HS', null, 'A-', 'Stable', null, '2017-12-31', 0);
INSERT INTO instrument_rating_action (instrument_id, rating_action_id, rating_type, rating_type_term, rating_sub_type_scheme, version_no, rating_action_type, other_rating_action_type, rating, outlook_trend, watch_review, rating_date, issuer_paid) VALUES (513974, '513974-5-10691', 'Rating', 'long-term', null, 4, null, 'Outlook Trend', 'BBB+', 'Negative', null, '2020-05-15', 0);
INSERT INTO instrument_rating_action (instrument_id, rating_action_id, rating_type, rating_type_term, rating_sub_type_scheme, version_no, rating_action_type, other_rating_action_type, rating, outlook_trend, watch_review, rating_date, issuer_paid) VALUES (513974, '513974-5-4715', 'Rating', 'long-term', null, 2, null, 'Outlook Trend', 'A-', 'Negative', null, '2018-06-08', 0);
INSERT INTO instrument_rating_action (instrument_id, rating_action_id, rating_type, rating_type_term, rating_sub_type_scheme, version_no, rating_action_type, other_rating_action_type, rating, outlook_trend, watch_review, rating_date, issuer_paid) VALUES (513974, '513974-5-6388', 'Rating', 'long-term', null, 3, 'DG', null, 'BBB+', 'Stable', null, '2018-12-07', 0);
INSERT INTO instrument_rating_action (instrument_id, rating_action_id, rating_type, rating_type_term, rating_sub_type_scheme, version_no, rating_action_type, other_rating_action_type, rating, outlook_trend, watch_review, rating_date, issuer_paid) VALUES (513974, '513974-5-803', 'Rating', 'long-term', null, 1, 'HS', null, 'A-', 'Stable', null, '2017-12-31', 0);
INSERT INTO instrument_rating_action (instrument_id, rating_action_id, rating_type, rating_type_term, rating_sub_type_scheme, version_no, rating_action_type, other_rating_action_type, rating, outlook_trend, watch_review, rating_date, issuer_paid) VALUES (513976, '513976-5-10692', 'Rating', 'long-term', null, 4, null, 'Outlook Trend', 'BBB+', 'Negative', null, '2020-05-15', 0);
INSERT INTO instrument_rating_action (instrument_id, rating_action_id, rating_type, rating_type_term, rating_sub_type_scheme, version_no, rating_action_type, other_rating_action_type, rating, outlook_trend, watch_review, rating_date, issuer_paid) VALUES (513976, '513976-5-4716', 'Rating', 'long-term', null, 2, null, 'Outlook Trend', 'A-', 'Negative', null, '2018-06-08', 0);
INSERT INTO instrument_rating_action (instrument_id, rating_action_id, rating_type, rating_type_term, rating_sub_type_scheme, version_no, rating_action_type, other_rating_action_type, rating, outlook_trend, watch_review, rating_date, issuer_paid) VALUES (513976, '513976-5-6389', 'Rating', 'long-term', null, 3, 'DG', null, 'BBB+', 'Stable', null, '2018-12-07', 0);
INSERT INTO instrument_rating_action (instrument_id, rating_action_id, rating_type, rating_type_term, rating_sub_type_scheme, version_no, rating_action_type, other_rating_action_type, rating, outlook_trend, watch_review, rating_date, issuer_paid) VALUES (513976, '513976-5-797', 'Rating', 'long-term', null, 1, 'HS', null, 'A-', 'Stable', null, '2017-12-31', 0);
INSERT INTO instrument_rating_action (instrument_id, rating_action_id, rating_type, rating_type_term, rating_sub_type_scheme, version_no, rating_action_type, other_rating_action_type, rating, outlook_trend, watch_review, rating_date, issuer_paid) VALUES (513978, '513978-5-10693', 'Rating', 'long-term', null, 4, null, 'Outlook Trend', 'BBB+', 'Negative', null, '2020-05-15', 0);
INSERT INTO instrument_rating_action (instrument_id, rating_action_id, rating_type, rating_type_term, rating_sub_type_scheme, version_no, rating_action_type, other_rating_action_type, rating, outlook_trend, watch_review, rating_date, issuer_paid) VALUES (513978, '513978-5-4718', 'Rating', 'long-term', null, 2, null, 'Outlook Trend', 'A-', 'Negative', null, '2018-06-08', 0);
INSERT INTO instrument_rating_action (instrument_id, rating_action_id, rating_type, rating_type_term, rating_sub_type_scheme, version_no, rating_action_type, other_rating_action_type, rating, outlook_trend, watch_review, rating_date, issuer_paid) VALUES (513978, '513978-5-6390', 'Rating', 'long-term', null, 3, 'DG', null, 'BBB+', 'Stable', null, '2018-12-07', 0);
INSERT INTO instrument_rating_action (instrument_id, rating_action_id, rating_type, rating_type_term, rating_sub_type_scheme, version_no, rating_action_type, other_rating_action_type, rating, outlook_trend, watch_review, rating_date, issuer_paid) VALUES (513978, '513978-5-789', 'Rating', 'long-term', null, 1, 'HS', null, 'A-', 'Stable', null, '2017-12-31', 0);
INSERT INTO instrument_rating_action (instrument_id, rating_action_id, rating_type, rating_type_term, rating_sub_type_scheme, version_no, rating_action_type, other_rating_action_type, rating, outlook_trend, watch_review, rating_date, issuer_paid) VALUES (513980, '513980-5-10695', 'Rating', 'long-term', null, 4, null, 'Outlook Trend', 'BBB+', 'Negative', null, '2020-05-15', 0);
INSERT INTO instrument_rating_action (instrument_id, rating_action_id, rating_type, rating_type_term, rating_sub_type_scheme, version_no, rating_action_type, other_rating_action_type, rating, outlook_trend, watch_review, rating_date, issuer_paid) VALUES (513980, '513980-5-4720', 'Rating', 'long-term', null, 2, null, 'Outlook Trend', 'A-', 'Negative', null, '2018-06-08', 0);
INSERT INTO instrument_rating_action (instrument_id, rating_action_id, rating_type, rating_type_term, rating_sub_type_scheme, version_no, rating_action_type, other_rating_action_type, rating, outlook_trend, watch_review, rating_date, issuer_paid) VALUES (513980, '513980-5-6391', 'Rating', 'long-term', null, 3, 'DG', null, 'BBB+', 'Stable', null, '2018-12-07', 0);
INSERT INTO instrument_rating_action (instrument_id, rating_action_id, rating_type, rating_type_term, rating_sub_type_scheme, version_no, rating_action_type, other_rating_action_type, rating, outlook_trend, watch_review, rating_date, issuer_paid) VALUES (513980, '513980-5-818', 'Rating', 'long-term', null, 1, 'HS', null, 'A-', 'Stable', null, '2017-12-31', 0);
INSERT INTO instrument_rating_action (instrument_id, rating_action_id, rating_type, rating_type_term, rating_sub_type_scheme, version_no, rating_action_type, other_rating_action_type, rating, outlook_trend, watch_review, rating_date, issuer_paid) VALUES (513982, '513982-5-10696', 'Rating', 'long-term', null, 4, null, 'Outlook Trend', 'BBB+', 'Negative', null, '2020-05-15', 0);
INSERT INTO instrument_rating_action (instrument_id, rating_action_id, rating_type, rating_type_term, rating_sub_type_scheme, version_no, rating_action_type, other_rating_action_type, rating, outlook_trend, watch_review, rating_date, issuer_paid) VALUES (513982, '513982-5-4721', 'Rating', 'long-term', null, 2, null, 'Outlook Trend', 'A-', 'Negative', null, '2018-06-08', 0);
INSERT INTO instrument_rating_action (instrument_id, rating_action_id, rating_type, rating_type_term, rating_sub_type_scheme, version_no, rating_action_type, other_rating_action_type, rating, outlook_trend, watch_review, rating_date, issuer_paid) VALUES (513982, '513982-5-6392', 'Rating', 'long-term', null, 3, 'DG', null, 'BBB+', 'Stable', null, '2018-12-07', 0);
INSERT INTO instrument_rating_action (instrument_id, rating_action_id, rating_type, rating_type_term, rating_sub_type_scheme, version_no, rating_action_type, other_rating_action_type, rating, outlook_trend, watch_review, rating_date, issuer_paid) VALUES (513982, '513982-5-785', 'Rating', 'long-term', null, 1, 'HS', null, 'A-', 'Stable', null, '2017-12-31', 0);
INSERT INTO instrument_rating_action (instrument_id, rating_action_id, rating_type, rating_type_term, rating_sub_type_scheme, version_no, rating_action_type, other_rating_action_type, rating, outlook_trend, watch_review, rating_date, issuer_paid) VALUES (544376, '544376-5-2345', 'Rating', 'long-term', null, 1, 'HS', null, 'A+', 'Stable', null, '2017-12-31', 0);
INSERT INTO instrument_rating_action (instrument_id, rating_action_id, rating_type, rating_type_term, rating_sub_type_scheme, version_no, rating_action_type, other_rating_action_type, rating, outlook_trend, watch_review, rating_date, issuer_paid) VALUES (544376, '544376-5-5885', 'Rating', 'long-term', null, 2, null, 'Outlook Trend', 'A+', 'Negative', null, '2018-09-21', 0);
INSERT INTO instrument_rating_action (instrument_id, rating_action_id, rating_type, rating_type_term, rating_sub_type_scheme, version_no, rating_action_type, other_rating_action_type, rating, outlook_trend, watch_review, rating_date, issuer_paid) VALUES (544376, '544376-5-9894', 'Rating', 'long-term', null, 3, null, 'Affirmation', 'A+', 'Negative', null, '2020-02-28', 0);
INSERT INTO instrument_rating_action (instrument_id, rating_action_id, rating_type, rating_type_term, rating_sub_type_scheme, version_no, rating_action_type, other_rating_action_type, rating, outlook_trend, watch_review, rating_date, issuer_paid) VALUES (544377, '544377-5-2449', 'Rating', 'long-term', null, 1, 'HS', null, 'A+', 'Stable', null, '2017-12-31', 0);
INSERT INTO instrument_rating_action (instrument_id, rating_action_id, rating_type, rating_type_term, rating_sub_type_scheme, version_no, rating_action_type, other_rating_action_type, rating, outlook_trend, watch_review, rating_date, issuer_paid) VALUES (544377, '544377-5-5981', 'Rating', 'long-term', null, 2, null, 'Outlook Trend', 'A+', 'Negative', null, '2018-09-21', 0);
INSERT INTO instrument_rating_action (instrument_id, rating_action_id, rating_type, rating_type_term, rating_sub_type_scheme, version_no, rating_action_type, other_rating_action_type, rating, outlook_trend, watch_review, rating_date, issuer_paid) VALUES (544377, '544377-5-9895', 'Rating', 'long-term', null, 3, null, 'Affirmation', 'A+', 'Negative', null, '2020-02-28', 0);
INSERT INTO instrument_rating_action (instrument_id, rating_action_id, rating_type, rating_type_term, rating_sub_type_scheme, version_no, rating_action_type, other_rating_action_type, rating, outlook_trend, watch_review, rating_date, issuer_paid) VALUES (544378, '544378-5-2419', 'Rating', 'long-term', null, 1, 'HS', null, 'A+', 'Stable', null, '2017-12-31', 0);
INSERT INTO instrument_rating_action (instrument_id, rating_action_id, rating_type, rating_type_term, rating_sub_type_scheme, version_no, rating_action_type, other_rating_action_type, rating, outlook_trend, watch_review, rating_date, issuer_paid) VALUES (544378, '544378-5-5954', 'Rating', 'long-term', null, 2, null, 'Outlook Trend', 'A+', 'Negative', null, '2018-09-21', 0);
INSERT INTO instrument_rating_action (instrument_id, rating_action_id, rating_type, rating_type_term, rating_sub_type_scheme, version_no, rating_action_type, other_rating_action_type, rating, outlook_trend, watch_review, rating_date, issuer_paid) VALUES (544378, '544378-5-9896', 'Rating', 'long-term', null, 3, null, 'Affirmation', 'A+', 'Negative', null, '2020-02-28', 0);
INSERT INTO instrument_rating_action (instrument_id, rating_action_id, rating_type, rating_type_term, rating_sub_type_scheme, version_no, rating_action_type, other_rating_action_type, rating, outlook_trend, watch_review, rating_date, issuer_paid) VALUES (544379, '544379-5-2351', 'Rating', 'long-term', null, 1, 'HS', null, 'A+', 'Stable', null, '2017-12-31', 0);
INSERT INTO instrument_rating_action (instrument_id, rating_action_id, rating_type, rating_type_term, rating_sub_type_scheme, version_no, rating_action_type, other_rating_action_type, rating, outlook_trend, watch_review, rating_date, issuer_paid) VALUES (544379, '544379-5-5891', 'Rating', 'long-term', null, 2, null, 'Outlook Trend', 'A+', 'Negative', null, '2018-09-21', 0);
INSERT INTO instrument_rating_action (instrument_id, rating_action_id, rating_type, rating_type_term, rating_sub_type_scheme, version_no, rating_action_type, other_rating_action_type, rating, outlook_trend, watch_review, rating_date, issuer_paid) VALUES (544379, '544379-5-9897', 'Rating', 'long-term', null, 3, null, 'Affirmation', 'A+', 'Negative', null, '2020-02-28', 0);
INSERT INTO instrument_rating_action (instrument_id, rating_action_id, rating_type, rating_type_term, rating_sub_type_scheme, version_no, rating_action_type, other_rating_action_type, rating, outlook_trend, watch_review, rating_date, issuer_paid) VALUES (544381, '544381-5-2477', 'Rating', 'long-term', null, 1, 'HS', null, 'A+', 'Stable', null, '2017-12-31', 0);
INSERT INTO instrument_rating_action (instrument_id, rating_action_id, rating_type, rating_type_term, rating_sub_type_scheme, version_no, rating_action_type, other_rating_action_type, rating, outlook_trend, watch_review, rating_date, issuer_paid) VALUES (544381, '544381-5-6009', 'Rating', 'long-term', null, 2, null, 'Outlook Trend', 'A+', 'Negative', null, '2018-09-21', 0);
INSERT INTO instrument_rating_action (instrument_id, rating_action_id, rating_type, rating_type_term, rating_sub_type_scheme, version_no, rating_action_type, other_rating_action_type, rating, outlook_trend, watch_review, rating_date, issuer_paid) VALUES (544381, '544381-5-9898', 'Rating', 'long-term', null, 3, null, 'Affirmation', 'A+', 'Negative', null, '2020-02-28', 0);
INSERT INTO instrument_rating_action (instrument_id, rating_action_id, rating_type, rating_type_term, rating_sub_type_scheme, version_no, rating_action_type, other_rating_action_type, rating, outlook_trend, watch_review, rating_date, issuer_paid) VALUES (544383, '544383-5-2381', 'Rating', 'long-term', null, 1, 'HS', null, 'A+', 'Stable', null, '2017-12-31', 0);
INSERT INTO instrument_rating_action (instrument_id, rating_action_id, rating_type, rating_type_term, rating_sub_type_scheme, version_no, rating_action_type, other_rating_action_type, rating, outlook_trend, watch_review, rating_date, issuer_paid) VALUES (544383, '544383-5-5918', 'Rating', 'long-term', null, 2, null, 'Outlook Trend', 'A+', 'Negative', null, '2018-09-21', 0);
INSERT INTO instrument_rating_action (instrument_id, rating_action_id, rating_type, rating_type_term, rating_sub_type_scheme, version_no, rating_action_type, other_rating_action_type, rating, outlook_trend, watch_review, rating_date, issuer_paid) VALUES (544383, '544383-5-9899', 'Rating', 'long-term', null, 3, null, 'Affirmation', 'A+', 'Negative', null, '2020-02-28', 0);
INSERT INTO instrument_rating_action (instrument_id, rating_action_id, rating_type, rating_type_term, rating_sub_type_scheme, version_no, rating_action_type, other_rating_action_type, rating, outlook_trend, watch_review, rating_date, issuer_paid) VALUES (544385, '544385-5-2416', 'Rating', 'long-term', null, 1, 'HS', null, 'A+', 'Stable', null, '2017-12-31', 0);
INSERT INTO instrument_rating_action (instrument_id, rating_action_id, rating_type, rating_type_term, rating_sub_type_scheme, version_no, rating_action_type, other_rating_action_type, rating, outlook_trend, watch_review, rating_date, issuer_paid) VALUES (544385, '544385-5-5951', 'Rating', 'long-term', null, 2, null, 'Outlook Trend', 'A+', 'Negative', null, '2018-09-21', 0);
INSERT INTO instrument_rating_action (instrument_id, rating_action_id, rating_type, rating_type_term, rating_sub_type_scheme, version_no, rating_action_type, other_rating_action_type, rating, outlook_trend, watch_review, rating_date, issuer_paid) VALUES (544385, '544385-5-9900', 'Rating', 'long-term', null, 3, null, 'Affirmation', 'A+', 'Negative', null, '2020-02-28', 0);
INSERT INTO instrument_rating_action (instrument_id, rating_action_id, rating_type, rating_type_term, rating_sub_type_scheme, version_no, rating_action_type, other_rating_action_type, rating, outlook_trend, watch_review, rating_date, issuer_paid) VALUES (544386, '544386-5-2384', 'Rating', 'long-term', null, 1, 'HS', null, 'A+', 'Stable', null, '2017-12-31', 0);
INSERT INTO instrument_rating_action (instrument_id, rating_action_id, rating_type, rating_type_term, rating_sub_type_scheme, version_no, rating_action_type, other_rating_action_type, rating, outlook_trend, watch_review, rating_date, issuer_paid) VALUES (544386, '544386-5-5921', 'Rating', 'long-term', null, 2, null, 'Outlook Trend', 'A+', 'Negative', null, '2018-09-21', 0);
INSERT INTO instrument_rating_action (instrument_id, rating_action_id, rating_type, rating_type_term, rating_sub_type_scheme, version_no, rating_action_type, other_rating_action_type, rating, outlook_trend, watch_review, rating_date, issuer_paid) VALUES (544386, '544386-5-9901', 'Rating', 'long-term', null, 3, null, 'Affirmation', 'A+', 'Negative', null, '2020-02-28', 0);
INSERT INTO instrument_rating_action (instrument_id, rating_action_id, rating_type, rating_type_term, rating_sub_type_scheme, version_no, rating_action_type, other_rating_action_type, rating, outlook_trend, watch_review, rating_date, issuer_paid) VALUES (555802, '555802-1-1416', 'Rating', 'long-term', null, 2, null, 'Affirmation', 'BBB', 'None', null, '2018-11-02', 1);
INSERT INTO instrument_rating_action (instrument_id, rating_action_id, rating_type, rating_type_term, rating_sub_type_scheme, version_no, rating_action_type, other_rating_action_type, rating, outlook_trend, watch_review, rating_date, issuer_paid) VALUES (555802, '555802-1-3294', 'Rating', 'long-term', null, 3, null, 'Affirmation', 'BBB', 'None', null, '2019-10-22', 1);
INSERT INTO instrument_rating_action (instrument_id, rating_action_id, rating_type, rating_type_term, rating_sub_type_scheme, version_no, rating_action_type, other_rating_action_type, rating, outlook_trend, watch_review, rating_date, issuer_paid) VALUES (555802, '555802-1-764', 'Rating', 'long-term', null, 1, 'NW', null, 'BBB', 'None', null, '2018-04-19', 1);
INSERT INTO instrument_rating_action (instrument_id, rating_action_id, rating_type, rating_type_term, rating_sub_type_scheme, version_no, rating_action_type, other_rating_action_type, rating, outlook_trend, watch_review, rating_date, issuer_paid) VALUES (555803, '555803-1-1417', 'Rating', 'long-term', null, 2, null, 'Affirmation', 'BBB', 'None', null, '2018-11-02', 1);
INSERT INTO instrument_rating_action (instrument_id, rating_action_id, rating_type, rating_type_term, rating_sub_type_scheme, version_no, rating_action_type, other_rating_action_type, rating, outlook_trend, watch_review, rating_date, issuer_paid) VALUES (555803, '555803-1-3284', 'Rating', 'long-term', null, 3, null, 'Affirmation', 'BBB', 'None', null, '2019-10-22', 1);
INSERT INTO instrument_rating_action (instrument_id, rating_action_id, rating_type, rating_type_term, rating_sub_type_scheme, version_no, rating_action_type, other_rating_action_type, rating, outlook_trend, watch_review, rating_date, issuer_paid) VALUES (555803, '555803-1-766', 'Rating', 'long-term', null, 1, 'NW', null, 'BBB', 'None', null, '2018-04-19', 1);
INSERT INTO instrument_rating_action (instrument_id, rating_action_id, rating_type, rating_type_term, rating_sub_type_scheme, version_no, rating_action_type, other_rating_action_type, rating, outlook_trend, watch_review, rating_date, issuer_paid) VALUES (556492, '556492-1-397', 'Rating', 'long-term', null, 1, 'NW', null, 'AAA (SF)', 'None', null, '2018-10-11', 1);
INSERT INTO instrument_rating_action (instrument_id, rating_action_id, rating_type, rating_type_term, rating_sub_type_scheme, version_no, rating_action_type, other_rating_action_type, rating, outlook_trend, watch_review, rating_date, issuer_paid) VALUES (556493, '556493-1-398', 'Rating', 'long-term', null, 1, 'NW', null, 'AAA (SF)', 'None', null, '2018-10-11', 1);
INSERT INTO instrument_rating_action (instrument_id, rating_action_id, rating_type, rating_type_term, rating_sub_type_scheme, version_no, rating_action_type, other_rating_action_type, rating, outlook_trend, watch_review, rating_date, issuer_paid) VALUES (556494, '556494-1-399', 'Rating', 'long-term', null, 1, 'NW', null, 'AA (SF)', 'None', null, '2018-10-11', 1);
INSERT INTO instrument_rating_action (instrument_id, rating_action_id, rating_type, rating_type_term, rating_sub_type_scheme, version_no, rating_action_type, other_rating_action_type, rating, outlook_trend, watch_review, rating_date, issuer_paid) VALUES (556495, '556495-1-400', 'Rating', 'long-term', null, 1, 'NW', null, 'AA (SF)', 'None', null, '2018-10-11', 1);
INSERT INTO instrument_rating_action (instrument_id, rating_action_id, rating_type, rating_type_term, rating_sub_type_scheme, version_no, rating_action_type, other_rating_action_type, rating, outlook_trend, watch_review, rating_date, issuer_paid) VALUES (563635, '563635-1-2652', 'Rating', 'long-term', null, 1, 'NW', null, 'A', 'None', null, '2019-05-29', 1);
INSERT INTO instrument_rating_action (instrument_id, rating_action_id, rating_type, rating_type_term, rating_sub_type_scheme, version_no, rating_action_type, other_rating_action_type, rating, outlook_trend, watch_review, rating_date, issuer_paid) VALUES (563635, '563635-1-6017', 'Rating', 'long-term', null, 2, null, 'Affirmation', 'A', 'None', null, '2020-06-24', 1);
INSERT INTO instrument_rating_action (instrument_id, rating_action_id, rating_type, rating_type_term, rating_sub_type_scheme, version_no, rating_action_type, other_rating_action_type, rating, outlook_trend, watch_review, rating_date, issuer_paid) VALUES (563637, '563637-1-2653', 'Rating', 'long-term', null, 1, 'NW', null, 'A', 'None', null, '2019-05-29', 1);
INSERT INTO instrument_rating_action (instrument_id, rating_action_id, rating_type, rating_type_term, rating_sub_type_scheme, version_no, rating_action_type, other_rating_action_type, rating, outlook_trend, watch_review, rating_date, issuer_paid) VALUES (563637, '563637-1-6018', 'Rating', 'long-term', null, 2, null, 'Affirmation', 'A', 'None', null, '2020-06-24', 1);
INSERT INTO instrument_rating_action (instrument_id, rating_action_id, rating_type, rating_type_term, rating_sub_type_scheme, version_no, rating_action_type, other_rating_action_type, rating, outlook_trend, watch_review, rating_date, issuer_paid) VALUES (563641, '563641-1-2656', 'Rating', 'long-term', null, 1, 'NW', null, 'A', 'None', null, '2019-05-29', 1);
INSERT INTO instrument_rating_action (instrument_id, rating_action_id, rating_type, rating_type_term, rating_sub_type_scheme, version_no, rating_action_type, other_rating_action_type, rating, outlook_trend, watch_review, rating_date, issuer_paid) VALUES (563641, '563641-1-6020', 'Rating', 'long-term', null, 2, null, 'Affirmation', 'A', 'None', null, '2020-06-24', 1);
INSERT INTO instrument_rating_action (instrument_id, rating_action_id, rating_type, rating_type_term, rating_sub_type_scheme, version_no, rating_action_type, other_rating_action_type, rating, outlook_trend, watch_review, rating_date, issuer_paid) VALUES (563645, '563645-1-2659', 'Rating', 'long-term', null, 1, 'NW', null, 'A', 'None', null, '2019-05-29', 1);
INSERT INTO instrument_rating_action (instrument_id, rating_action_id, rating_type, rating_type_term, rating_sub_type_scheme, version_no, rating_action_type, other_rating_action_type, rating, outlook_trend, watch_review, rating_date, issuer_paid) VALUES (563645, '563645-1-6023', 'Rating', 'long-term', null, 2, null, 'Affirmation', 'A', 'None', null, '2020-06-24', 1);
INSERT INTO instrument_rating_action (instrument_id, rating_action_id, rating_type, rating_type_term, rating_sub_type_scheme, version_no, rating_action_type, other_rating_action_type, rating, outlook_trend, watch_review, rating_date, issuer_paid) VALUES (563651, '563651-1-2664', 'Rating', 'long-term', null, 1, 'NW', null, 'A', 'None', null, '2019-05-29', 1);
INSERT INTO instrument_rating_action (instrument_id, rating_action_id, rating_type, rating_type_term, rating_sub_type_scheme, version_no, rating_action_type, other_rating_action_type, rating, outlook_trend, watch_review, rating_date, issuer_paid) VALUES (563651, '563651-1-6028', 'Rating', 'long-term', null, 2, null, 'Affirmation', 'A', 'None', null, '2020-06-24', 1);
INSERT INTO instrument_rating_action (instrument_id, rating_action_id, rating_type, rating_type_term, rating_sub_type_scheme, version_no, rating_action_type, other_rating_action_type, rating, outlook_trend, watch_review, rating_date, issuer_paid) VALUES (563657, '563657-1-2669', 'Rating', 'long-term', null, 1, 'NW', null, 'A', 'None', null, '2019-05-29', 1);
INSERT INTO instrument_rating_action (instrument_id, rating_action_id, rating_type, rating_type_term, rating_sub_type_scheme, version_no, rating_action_type, other_rating_action_type, rating, outlook_trend, watch_review, rating_date, issuer_paid) VALUES (563657, '563657-1-6033', 'Rating', 'long-term', null, 2, null, 'Affirmation', 'A', 'None', null, '2020-06-24', 1);
INSERT INTO instrument_rating_action (instrument_id, rating_action_id, rating_type, rating_type_term, rating_sub_type_scheme, version_no, rating_action_type, other_rating_action_type, rating, outlook_trend, watch_review, rating_date, issuer_paid) VALUES (563658, '563658-1-2670', 'Rating', 'long-term', null, 1, 'NW', null, 'A', 'None', null, '2019-05-29', 1);
INSERT INTO instrument_rating_action (instrument_id, rating_action_id, rating_type, rating_type_term, rating_sub_type_scheme, version_no, rating_action_type, other_rating_action_type, rating, outlook_trend, watch_review, rating_date, issuer_paid) VALUES (563658, '563658-1-6034', 'Rating', 'long-term', null, 2, null, 'Affirmation', 'A', 'None', null, '2020-06-24', 1);
INSERT INTO instrument_rating_action (instrument_id, rating_action_id, rating_type, rating_type_term, rating_sub_type_scheme, version_no, rating_action_type, other_rating_action_type, rating, outlook_trend, watch_review, rating_date, issuer_paid) VALUES (563661, '563661-1-2673', 'Rating', 'long-term', null, 1, 'NW', null, 'A', 'None', null, '2019-05-29', 1);
INSERT INTO instrument_rating_action (instrument_id, rating_action_id, rating_type, rating_type_term, rating_sub_type_scheme, version_no, rating_action_type, other_rating_action_type, rating, outlook_trend, watch_review, rating_date, issuer_paid) VALUES (563661, '563661-1-5979', 'Rating', 'long-term', null, 2, 'WE', null, 'A', 'None', null, '2020-06-18', 1);
INSERT INTO instrument_rating_action (instrument_id, rating_action_id, rating_type, rating_type_term, rating_sub_type_scheme, version_no, rating_action_type, other_rating_action_type, rating, outlook_trend, watch_review, rating_date, issuer_paid) VALUES (563665, '563665-1-2675', 'Rating', 'long-term', null, 1, 'NW', null, 'A', 'None', null, '2019-05-29', 1);
INSERT INTO instrument_rating_action (instrument_id, rating_action_id, rating_type, rating_type_term, rating_sub_type_scheme, version_no, rating_action_type, other_rating_action_type, rating, outlook_trend, watch_review, rating_date, issuer_paid) VALUES (563665, '563665-1-6036', 'Rating', 'long-term', null, 2, null, 'Affirmation', 'A', 'None', null, '2020-06-24', 1);
INSERT INTO instrument_rating_action (instrument_id, rating_action_id, rating_type, rating_type_term, rating_sub_type_scheme, version_no, rating_action_type, other_rating_action_type, rating, outlook_trend, watch_review, rating_date, issuer_paid) VALUES (563802, '563802-1-535', 'Rating', 'long-term', null, 1, 'HS', null, '(P) A (SF)', 'None', null, '2017-12-31', 1);
INSERT INTO instrument_rating_action (instrument_id, rating_action_id, rating_type, rating_type_term, rating_sub_type_scheme, version_no, rating_action_type, other_rating_action_type, rating, outlook_trend, watch_review, rating_date, issuer_paid) VALUES (563802, '563802-1-546', 'Rating', 'long-term', null, 2, 'NW', null, 'A (SF)', 'None', null, '2019-07-01', 1);
INSERT INTO instrument_rating_action (instrument_id, rating_action_id, rating_type, rating_type_term, rating_sub_type_scheme, version_no, rating_action_type, other_rating_action_type, rating, outlook_trend, watch_review, rating_date, issuer_paid) VALUES (563803, '563803-1-536', 'Rating', 'long-term', null, 1, 'HS', null, '(P) BBB- (SF)', 'None', null, '2017-12-31', 1);
INSERT INTO instrument_rating_action (instrument_id, rating_action_id, rating_type, rating_type_term, rating_sub_type_scheme, version_no, rating_action_type, other_rating_action_type, rating, outlook_trend, watch_review, rating_date, issuer_paid) VALUES (563803, '563803-1-547', 'Rating', 'long-term', null, 2, 'NW', null, 'BBB- (SF)', 'None', null, '2019-07-01', 1);
INSERT INTO instrument_rating_action (instrument_id, rating_action_id, rating_type, rating_type_term, rating_sub_type_scheme, version_no, rating_action_type, other_rating_action_type, rating, outlook_trend, watch_review, rating_date, issuer_paid) VALUES (563804, '563804-1-537', 'Rating', 'long-term', null, 1, 'HS', null, '(P) BB (SF)', 'None', null, '2017-12-31', 1);
INSERT INTO instrument_rating_action (instrument_id, rating_action_id, rating_type, rating_type_term, rating_sub_type_scheme, version_no, rating_action_type, other_rating_action_type, rating, outlook_trend, watch_review, rating_date, issuer_paid) VALUES (563804, '563804-1-548', 'Rating', 'long-term', null, 2, 'NW', null, 'BB (SF)', 'None', null, '2019-07-01', 1);
INSERT INTO instrument_rating_action (instrument_id, rating_action_id, rating_type, rating_type_term, rating_sub_type_scheme, version_no, rating_action_type, other_rating_action_type, rating, outlook_trend, watch_review, rating_date, issuer_paid) VALUES (563805, '563805-1-538', 'Rating', 'long-term', null, 1, 'HS', null, '(P) BB- (SF)', 'None', null, '2017-12-31', 1);
INSERT INTO instrument_rating_action (instrument_id, rating_action_id, rating_type, rating_type_term, rating_sub_type_scheme, version_no, rating_action_type, other_rating_action_type, rating, outlook_trend, watch_review, rating_date, issuer_paid) VALUES (563805, '563805-1-549', 'Rating', 'long-term', null, 2, 'NW', null, 'BB- (SF)', 'None', null, '2019-07-01', 1);
INSERT INTO instrument_rating_action (instrument_id, rating_action_id, rating_type, rating_type_term, rating_sub_type_scheme, version_no, rating_action_type, other_rating_action_type, rating, outlook_trend, watch_review, rating_date, issuer_paid) VALUES (563856, '563856-1-2823', 'Rating', 'long-term', null, 1, 'NW', null, 'BBB', 'None', null, '2019-07-03', 1);
INSERT INTO instrument_rating_action (instrument_id, rating_action_id, rating_type, rating_type_term, rating_sub_type_scheme, version_no, rating_action_type, other_rating_action_type, rating, outlook_trend, watch_review, rating_date, issuer_paid) VALUES (563856, '563856-1-3295', 'Rating', 'long-term', null, 2, null, 'Affirmation', 'BBB', 'None', null, '2019-10-22', 1);
INSERT INTO instrument_rating_action (instrument_id, rating_action_id, rating_type, rating_type_term, rating_sub_type_scheme, version_no, rating_action_type, other_rating_action_type, rating, outlook_trend, watch_review, rating_date, issuer_paid) VALUES (563857, '563857-1-2824', 'Rating', 'long-term', null, 1, 'NW', null, 'BBB', 'None', null, '2019-07-03', 1);
INSERT INTO instrument_rating_action (instrument_id, rating_action_id, rating_type, rating_type_term, rating_sub_type_scheme, version_no, rating_action_type, other_rating_action_type, rating, outlook_trend, watch_review, rating_date, issuer_paid) VALUES (563857, '563857-1-3296', 'Rating', 'long-term', null, 2, null, 'Affirmation', 'BBB', 'None', null, '2019-10-22', 1);